time,group,PCTPOV,POV,POP,RACE_NAME
1959,All,22.4,39490000,176600000,All Races
1959,Black,55.1,9927000,18010000,Black
1959,White,18.1,28480000,157000000,White
1960,All,22.2,39850000,179500000,All Races
1960,White,17.8,28310000,158900000,White
1961,All,21.9,39630000,181300000,All Races
1961,White,17.4,27890000,160300000,White
1962,All,21,38630000,184300000,All Races
1962,White,16.4,26670000,162800000,White
1963,All,19.5,36440000,187300000,All Races
1963,White,15.3,25240000,165300000,White
1964,All,19,36060000,189700000,All Races
1964,White,14.9,24960000,167300000,White
1965,All,17.3,33190000,191400000,All Races
1965,White,13.3,22500000,168700000,White
1966,All,14.7,28510000,193400000,All Races
1966,Black,41.8,8867000,21210000,Black
1966,White,11.3,19290000,170200000,White
1967,All,14.2,27770000,195700000,All Races
1967,Black,39.3,8486000,21590000,Black
1967,White,11,18980000,172000000,White
1968,All,12.8,25390000,197600000,All Races
1968,Black,34.7,7616000,21940000,Black
1968,White,10,17400000,173700000,White
1969,All,12.1,24150000,199500000,All Races
1969,Black,32.2,7095000,22010000,Black
1969,White,9.5,16660000,175300000,White
1970,All,12.6,25420000,202200000,All Races
1970,Black,33.5,7548000,22520000,Black
1970,White,9.9,17480000,177400000,White
1971,All,12.5,25560000,204600000,All Races
1971,Black,32.5,7396000,22780000,Black
1971,White,9.9,17780000,179400000,White
1972,All,11.9,24460000,206000000,All Races
1972,Black,33.3,7710000,23140000,Black
1972,Hispanic,22.8,2414000,10590000,Hispanic (of any race)
1972,White,9,16200000,180100000,White
1973,All,11.1,22970000,207600000,All Races
1973,Black,31.4,7388000,23510000,Black
1973,Hispanic,21.9,2366000,10800000,Hispanic (of any race)
1973,White,8.4,15140000,181200000,White
1974,All,11.2,23370000,209400000,All Races
1974,Black,30.3,7182000,23700000,Black
1974,Hispanic,23,2575000,11200000,Hispanic (of any race)
1974,White,8.6,15740000,182400000,White
1975,All,12.3,25880000,210900000,All Races
1975,Black,31.3,7545000,24090000,Black
1975,Hispanic,26.9,2991000,11120000,Hispanic (of any race)
1975,White,9.7,17770000,183200000,White
1976,All,11.8,24980000,212300000,All Races
1976,Black,31.1,7595000,24400000,Black
1976,Hispanic,24.7,2783000,11270000,Hispanic (of any race)
1976,White,9.1,16710000,184200000,White
1977,All,11.6,24720000,213900000,All Races
1977,Black,31.3,7726000,24710000,Black
1977,Hispanic,22.4,2700000,12050000,Hispanic (of any race)
1977,White,8.9,16420000,185300000,White
1978,All,11.4,24500000,215700000,All Races
1978,Black,30.6,7625000,24960000,Black
1978,Hispanic,21.6,2607000,12080000,Hispanic (of any race)
1978,White,8.7,16260000,186500000,White
1979,All,11.7,26070000,222900000,All Races
1979,Black,31,8050000,25940000,Black
1979,Hispanic,21.8,2921000,13370000,Hispanic (of any race)
1979,White,9,17210000,191700000,White
1980,All,13,29270000,225000000,All Races
1980,Black,32.5,8579000,26410000,Black
1980,Hispanic,25.7,3491000,13600000,Hispanic (of any race)
1980,White,10.2,19700000,192900000,White
1981,All,14,31820000,227200000,All Races
1981,Black,34.2,9173000,26830000,Black
1981,Hispanic,26.5,3713000,14020000,Hispanic (of any race)
1981,White,11.1,21550000,194500000,White
1982,All,15,34400000,229400000,All Races
1982,Black,35.6,9697000,27220000,Black
1982,Hispanic,29.9,4301000,14390000,Hispanic (of any race)
1982,White,12,23520000,195900000,White
1983,All,15.2,35300000,231700000,All Races
1983,Black,35.7,9882000,27680000,Black
1983,Hispanic,28,4633000,16540000,Hispanic (of any race)
1983,White,12.1,23980000,197500000,White
1984,All,14.4,33700000,233800000,All Races
1984,Black,33.8,9490000,28090000,Black
1984,Hispanic,28.4,4806000,16920000,Hispanic (of any race)
1984,White,11.5,22960000,198900000,White
1985,All,14,33060000,236600000,All Races
1985,Black,31.3,8926000,28490000,Black
1985,Hispanic,29,5236000,18080000,Hispanic (of any race)
1985,White,11.4,22860000,200900000,White
1986,All,13.6,32370000,238600000,All Races
1986,Black,31.1,8983000,28870000,Black
1986,Hispanic,27.3,5117000,18760000,Hispanic (of any race)
1986,White,11,22180000,202300000,White
1987,All,13.4,32220000,241000000,All Races
1987,Asian,16.1,1021000,6322000,Asian and Pacific Islander
1987,Black,32.4,9520000,29360000,Black
1987,Hispanic,28,5422000,19400000,Hispanic (of any race)
1987,White,10.4,21200000,203600000,White
1988,All,13,31750000,243500000,All Races
1988,Asian,17.3,1117000,6447000,Asian and Pacific Islander
1988,Black,31.3,9356000,29850000,Black
1988,Hispanic,26.7,5357000,20060000,Hispanic (of any race)
1988,White,10.1,20720000,205200000,White
1989,All,12.8,31530000,246000000,All Races
1989,Asian,14.1,939000,6673000,Asian and Pacific Islander
1989,Black,30.7,9302000,30330000,Black
1989,Hispanic,26.2,5430000,20750000,Hispanic (of any race)
1989,White,10,20790000,206900000,White
1990,All,13.5,33590000,248600000,All Races
1990,Asian,12.2,858000,7014000,Asian and Pacific Islander
1990,Black,31.9,9837000,30810000,Black
1990,Hispanic,28.1,6006000,21410000,Hispanic (of any race)
1990,White,10.7,22330000,208600000,White
1991,All,14.2,35710000,251200000,All Races
1991,Asian,13.8,996000,7192000,Asian and Pacific Islander
1991,Black,32.7,10240000,31310000,Black
1991,Hispanic,28.7,6339000,22070000,Hispanic (of any race)
1991,White,11.3,23750000,210100000,White
1992,All,14.8,38010000,256500000,All Races
1992,Asian,12.7,985000,7779000,Asian and Pacific Islander
1992,Black,33.4,10830000,32410000,Black
1992,Hispanic,29.6,7592000,25650000,Hispanic (of any race)
1992,White,11.9,25260000,213100000,White
1993,All,15.1,39270000,259300000,All Races
1993,Asian,15.3,1134000,7434000,Asian and Pacific Islander
1993,Black,33.1,10880000,32910000,Black
1993,Hispanic,30.6,8126000,26560000,Hispanic (of any race)
1993,White,12.2,26230000,214900000,White
1994,All,14.5,38060000,261600000,All Races
1994,Asian,14.6,974000,6654000,Asian and Pacific Islander
1994,Black,30.6,10200000,33350000,Black
1994,Hispanic,30.7,8416000,27440000,Hispanic (of any race)
1994,White,11.7,25380000,216500000,White
1995,All,13.8,36430000,263700000,All Races
1995,Asian,14.6,1411000,9644000,Asian and Pacific Islander
1995,Black,29.3,9872000,33740000,Black
1995,Hispanic,30.3,8574000,28340000,Hispanic (of any race)
1995,White,11.2,24420000,218000000,White
1996,All,13.7,36530000,266200000,All Races
1996,Asian,14.5,1454000,10050000,Asian and Pacific Islander
1996,Black,28.4,9694000,34110000,Black
1996,Hispanic,29.4,8697000,29610000,Hispanic (of any race)
1996,White,11.2,24650000,219700000,White
1997,All,13.3,35570000,268500000,All Races
1997,Asian,14,1468000,10480000,Asian and Pacific Islander
1997,Black,26.5,9116000,34460000,Black
1997,Hispanic,27.1,8308000,30640000,Hispanic (of any race)
1997,White,11,24400000,221200000,White
1998,All,12.7,34480000,271100000,All Races
1998,Asian,12.5,1360000,10870000,Asian and Pacific Islander
1998,Black,26.1,9091000,34880000,Black
1998,Hispanic,25.6,8070000,31520000,Hispanic (of any race)
1998,White,10.5,23450000,222800000,White
1999,All,11.9,32790000,276200000,All Races
1999,Asian,10.7,1285000,11960000,Asian and Pacific Islander
1999,Black,23.6,8441000,35760000,Black
1999,Hispanic,22.7,7876000,34630000,Hispanic (of any race)
1999,White,9.8,22170000,225400000,White
2000,All,11.3,31580000,278900000,All Races
2000,Asian,9.9,1258000,12670000,Asian and Pacific Islander
2000,Black,22.5,7982000,35430000,Black
2000,Hispanic,21.5,7747000,35960000,Hispanic (of any race)
2000,White,9.5,21650000,227800000,White
2001,All,11.7,32910000,281500000,All Races
2001,Asian,10.2,1275000,12470000,Asian and Pacific Islander
2001,Black,22.7,8136000,35870000,Black
2001,Hispanic,21.4,7997000,37310000,Hispanic (of any race)
2001,White,9.9,22740000,229700000,White
2002,All,12.1,34570000,285300000,All Races
2002,Asian,10.1,1161000,11540000,Asian Alone
2002,Black,24.1,8602000,35680000,Black Alone
2002,Hispanic,21.8,8555000,39220000,Hispanic (of any race)
2002,White,8,15570000,194100000,"White Alone, Not Hispanic"
2003,All,12.5,35860000,287700000,All Races
2003,Asian,11.8,1401000,11860000,Asian Alone
2003,Black,24.4,8781000,35990000,Black Alone
2003,Hispanic,22.5,9051000,40300000,Hispanic (of any race)
2003,White,8.2,15900000,194600000,"White Alone, Not Hispanic"
2004,All,12.7,37040000,290600000,All Races
2004,Asian,9.8,1201000,12230000,Asian Alone
2004,Black,24.7,9014000,36430000,Black Alone
2004,Hispanic,21.9,9122000,41690000,Hispanic (of any race)
2004,White,8.7,16910000,195100000,"White Alone, Not Hispanic"
2005,All,12.6,36950000,293100000,All Races
2005,Asian,11.1,1402000,12580000,Asian Alone
2005,Black,24.9,9168000,36800000,Black Alone
2005,Hispanic,21.8,9368000,43020000,Hispanic (of any race)
2005,White,8.3,16230000,195600000,"White Alone, Not Hispanic"
2006,All,12.3,36460000,296500000,All Races
2006,Asian,10.3,1353000,13180000,Asian Alone
2006,Black,24.3,9048000,37310000,Black Alone
2006,Hispanic,20.6,9243000,44780000,Hispanic (of any race)
2006,White,8.2,16010000,196000000,"White Alone, Not Hispanic"
2007,All,12.5,37280000,298700000,All Races
2007,Asian,10.2,1349000,13260000,Asian Alone
2007,Black,24.5,9237000,37670000,Black Alone
2007,Hispanic,21.5,9890000,45930000,Hispanic (of any race)
2007,White,8.2,16030000,196600000,"White Alone, Not Hispanic"
2008,All,13.2,39830000,301000000,All Races
2008,Asian,11.8,1576000,13310000,Asian Alone
2008,Black,24.7,9379000,37970000,Black Alone
2008,Hispanic,23.2,10990000,47400000,Hispanic (of any race)
2008,White,8.6,17020000,196900000,"White Alone, Not Hispanic"
2009,All,14.3,43570000,303800000,All Races
2009,Asian,12.5,1746000,14010000,Asian Alone
2009,Black,25.8,9944000,38560000,Black Alone
2009,Hispanic,25.3,12350000,48810000,Hispanic (of any race)
2009,White,9.4,18530000,197200000,"White Alone, Not Hispanic"
2010,All,15.1,46340000,306100000,All Races
2010,Asian,12.2,1899000,15610000,Asian Alone
2010,Black,27.4,10750000,39280000,Black Alone
2010,Hispanic,26.5,13520000,50970000,Hispanic (of any race)
2010,White,9.9,19250000,194800000,"White Alone, Not Hispanic"
2011,All,15,46250000,308500000,All Races
2011,Asian,12.3,1973000,16090000,Asian Alone
2011,Black,27.6,10930000,39610000,Black Alone
2011,Hispanic,25.3,13240000,52280000,Hispanic (of any race)
2011,White,9.8,19170000,195000000,"White Alone, Not Hispanic"
2012,All,15,46500000,310600000,All Races
2012,Asian,11.7,1921000,16420000,Asian Alone
2012,Black,27.2,10910000,40130000,Black Alone
2012,Hispanic,25.6,13620000,53110000,Hispanic (of any race)
2012,White,9.7,18940000,195100000,"White Alone, Not Hispanic"
2013,All,14.8,46270000,313100000,All Races
2013,Asian,13.1,2255000,17260000,Asian Alone
2013,Black,25.2,10190000,40500000,Black Alone
2013,Hispanic,24.7,13360000,54180000,Hispanic (of any race)
2013,White,10,19550000,195100000,"White Alone, Not Hispanic"
2014,All,14.8,46660000,315800000,All Races
2014,Asian,12,2137000,17790000,Asian Alone
2014,Black,26.2,10760000,41110000,Black Alone
2014,Hispanic,23.6,13100000,55500000,Hispanic (of any race)
2014,White,10.1,19650000,195200000,"White Alone, Not Hispanic"
2015,All,13.5,43120000,318500000,All Races
2015,Asian,11.4,2078000,18240000,Asian Alone
2015,Black,24.1,10020000,41630000,Black Alone
2015,Hispanic,21.4,12130000,56780000,Hispanic (of any race)
2015,White,9.1,17790000,195500000,"White Alone, Not Hispanic"
2016,All,12.7,40620000,319900000,All Races
2016,Asian,10.1,1908000,18880000,Asian Alone
2016,Black,22,9234000,41960000,Black Alone
2016,Hispanic,19.4,11140000,57560000,Hispanic (of any race)
2016,White,8.8,17260000,195200000,"White Alone, Not Hispanic"
2017,All,12.3,39560000,322500000,All Races
2017,Asian,10,1953000,19480000,Asian Alone
2017,Black,21.2,8993000,42470000,Black Alone
2017,Hispanic,18.3,10790000,59050000,Hispanic (of any race)
2017,White,8.7,16990000,195300000,"White Alone, Not Hispanic"
2018,All,11.8,38150000,323800000,All Races
2018,Asian,10.1,1996000,19770000,Asian Alone
2018,Black,20.8,8884000,42770000,Black Alone
2018,Hispanic,17.6,10530000,59960000,Hispanic (of any race)
2018,White,8.1,15730000,194800000,"White Alone, Not Hispanic"
2019,All,10.5,33980000,324800000,All Races
2019,Asian,7.3,1464000,19930000,Asian Alone
2019,Black,18.8,8073000,42970000,Black Alone
2019,Hispanic,15.7,9545000,60600000,Hispanic (of any race)
2019,White,7.3,14150000,194600000,"White Alone, Not Hispanic"
2020,All,11.5,37550000,327600000,All Races
2020,Asian,8.1,1645000,20350000,Asian Alone
2020,Black,19.6,8556000,43690000,Black Alone
2020,Hispanic,17,10520000,61770000,Hispanic (of any race)
2020,White,8.2,16040000,195100000,"White Alone, Not Hispanic"
2021,All,11.6,37930000,328200000,All Races
2021,Asian,9.3,1922000,20680000,Asian Alone
2021,Black,19.5,8583000,43980000,Black Alone
2021,Hispanic,17.1,10690000,62480000,Hispanic (of any race)
2021,White,8.1,15800000,194300000,"White Alone, Not Hispanic"
2022,All,11.5,37920000,330100000,All Races
2022,Asian,8.6,1866000,21590000,Asian Alone
2022,Black,17.1,7626000,44520000,Black Alone
2022,Hispanic,16.9,10780000,63790000,Hispanic (of any race)
2022,White,8.6,16690000,193200000,"White Alone, Not Hispanic"
2023,All,11.1,36790000,331800000,All Races
2023,Asian,9.1,1975000,21820000,Asian Alone
2023,Black,17.9,8020000,44870000,Black Alone
2023,Hispanic,16.6,10890000,65400000,Hispanic (of any race)
2023,White,7.7,14890000,192600000,"White Alone, Not Hispanic"
2024,All,10.6,35880000,337300000,All Races
2024,Asian,7.5,1753000,23530000,Asian Alone
2024,Black,18.4,8401000,45700000,Black Alone
2024,Hispanic,15,10280000,68400000,Hispanic (of any race)
2024,White,7.6,14560000,192800000,"White Alone, Not Hispanic"
