"RIAGENDR","RIDAGEYR","RIDRETH3","DMQMILIZ","DMDBORN4","DMDCITZN","DMDEDUC2","SIALANG","SIAINTRP","DMDFMSIZ","DMDHHSZA","DMDHHSZB","DMDHHSZE","DMDHRGND","DMDHRAGE","DMDHRBR4","DMDHREDU","DMDHRMAR","WTINT2YR","INDFMPIR"
"1",69,"4",1,"1","1","3","1","2",3,0,0,2,"1",69,"1","3","4",13281.237386,0.84
"1",72,"3",1,"1","1","4","1","2",2,0,0,2,"1",72,"1","4","1",57214.803319,4.51
"1",56,"1",1,"1","1","4","1","2",1,0,0,0,"1",56,"1","4","3",24978.144602,4.79
"1",28,"6",1,"2","1","4","1","2",2,0,0,0,"1",28,"2","4","1",18063.143861,2.26
"1",58,"2",1,"1","1","4","1","2",2,0,0,0,"1",58,"1","4","1",25352.868636,3.09
"2",50,"4",1,"2","1","4","1","2",1,0,0,0,"2",51,"1","5","3",37889.887895,2.18
"1",75,"3",1,"1","1","3","1","2",2,0,0,2,"2",70,"1","3","1",17787.940939,1.08
"1",43,"3",1,"1","1","5","1","2",6,2,2,0,"1",43,"1","5","1",73295.590253,2.03
"1",80,"3",1,"1","1","5","1","2",2,0,0,2,"2",78,"1","5","1",36117.581178,5
"1",72,"3",1,"1","1","5","1","2",2,0,0,2,"1",72,"1","5","1",57479.762312,5
"1",80,"3",1,"1","1","4","1","2",1,0,0,1,"1",80,"1","4","2",32868.046411,3
"2",63,"7",0,"1","1","4","1","2",1,0,0,1,"2",63,"1","4","2",37647.755368,2.18
"1",44,"4",1,"1","1","3","1","2",5,1,2,0,"1",44,"1","3","1",17166.56477,1.79
"1",35,"6",0,"1","1","5","1","2",3,1,0,0,"1",35,"1","5","1",14743.682904,5
"1",24,"3",1,"1","1","4","1","2",5,2,1,0,"2",30,"1","2","6",31174.074739,0.65
"2",30,"3",0,"1","1","4","1","2",7,2,4,0,"2",30,"1","4","5",28884.38512,1.43
"1",73,"3",1,"1","1","4","1","2",2,0,0,2,"1",73,"1","4","1",59598.753457,5
"1",45,"3",0,"1","1","5","1","2",4,0,2,0,"1",45,"1","5","1",122492.425862,5
"1",51,"3",1,"1","1","2","1","2",5,2,1,0,"1",51,"1","2","1",22004.084169,1.02
"1",54,"3",1,"1","1","5","1","2",3,0,0,0,"1",54,"1","5","1",90641.606893,5
"1",64,"4",1,"1","1","3","1","2",2,0,0,1,"2",57,"1","4","1",14122.831429,2
"1",25,"3",1,"1","1","5","1","2",1,0,0,0,"1",25,"1","5","5",92929.67535,4.35
"1",53,"4",0,"1","1","4","1","2",3,0,1,0,"1",53,"1","4","1",21581.588345,1.02
"1",48,"4",1,"1","1","3","1","2",3,0,1,0,"2",46,"1","5","1",38313.250912,3.03
"1",80,"3",0,"2","1","3","1","2",2,0,0,1,"1",80,"2","3","1",22729.702215,3.18
"2",64,"3",0,"1","1","4","1","2",1,0,0,1,"2",64,"1","4","2",26421.037692,1.22
"1",64,"3",1,"1","1","3","1","2",2,0,0,2,"1",64,"1","3","3",38259.331054,1.27
"1",54,"1",0,"1","1","4","1","2",3,0,1,0,"1",54,"1","4","1",26556.369566,0.64
"1",62,"3",0,"1","1","3","1","2",1,0,0,1,"1",62,"1","3","3",34002.622995,0.04
"1",68,"3",1,"1","1","3","1","2",1,0,0,1,"1",68,"1","3","5",67426.086907,1.08
"1",59,"3",1,"1","1","5","1","2",1,0,0,0,"1",59,"1","5","5",115051.288923,3.08
"2",57,"3",1,"1","1","4","1","2",3,0,0,0,"2",57,"1","4","1",20911.517791,1
"1",63,"4",1,"1","1","3","1","2",2,0,0,1,"1",63,"1","3","1",12192.846617,5
"1",77,"4",1,"1","1","4","1","2",2,0,0,2,"1",77,"1","4","1",19001.381414,4.45
"1",68,"3",1,"1","1","4","1","2",3,0,0,2,"1",68,"1","4","1",71246.333506,2.53
"2",77,"3",0,"1","1","5","1","2",1,0,0,1,"2",77,"1","5","3",38086.990026,1.89
"1",52,"4",1,"1","1","3","1","2",2,0,0,0,"1",52,"1","3","3",32501.193163,1.14
"1",77,"3",1,"1","1","5","1","2",2,0,0,2,"1",77,"1","5","1",53266.137366,5
"2",61,"3",0,"1","1","3","1","2",3,0,0,2,"1",64,"1","5","1",68603.550028,1.28
"1",48,"3",1,"1","1","3","1","2",5,0,3,0,"1",48,"1","3","3",23010.64255,1.04
"2",28,"3",0,"1","1","3","1","2",4,1,0,1,"2",61,"1","4","3",59843.172257,2.31
"1",66,"3",0,"1","1","5","1","2",2,0,0,2,"1",66,"1","5","1",114033.698335,5
"2",37,"1",0,"2","2","2","2","2",7,1,3,1,"2",37,"2","2","1",33190.678689,0.56
"1",66,"3",1,"1","1","4","1","2",1,0,0,1,"1",66,"1","4","3",89854.825647,1.74
"1",45,"4",1,"1","1","5","1","2",1,0,0,0,"1",45,"1","5","5",28939.276469,5
"2",64,"3",0,"1","1","4","1","2",2,0,0,1,"2",64,"1","4","2",46841.966041,1.02
"1",20,"3",0,"1","1","4","1","2",1,0,0,0,"1",20,"1","4","5",34134.506164,1.04
"1",66,"3",1,"1","1","5","1","2",2,0,0,2,"2",63,"2","5","1",95025.814862,5
"1",48,"4",1,"1","1","4","1","2",5,0,0,1,"1",48,"1","4","1",18058.792867,0.86
"2",68,"4",0,"1","1","3","1","2",3,0,0,1,"2",68,"1","3","4",18888.577559,0.77
"1",23,"3",0,"1","1","4","1","2",1,0,0,0,"1",23,"1","4","5",33348.223813,1.2
"2",71,"3",0,"1","1","4","1","2",2,0,0,2,"2",71,"1","4","1",63863.900338,2.58
"1",49,"6",0,"2","1","5","1","2",4,2,0,0,"1",49,"2","5","1",25524.499816,3.4
"1",45,"3",1,"1","1","4","1","2",2,0,0,0,"2",44,"1","5","5",22855.386414,1.63
"1",42,"4",0,"1","1","2","1","2",6,3,0,0,"1",42,"1","2","1",34060.314982,2.19
"1",80,"3",1,"1","1","5","1","2",1,0,0,1,"1",80,"1","5","2",41235.436372,5
"1",73,"3",1,"1","1","3","1","2",1,0,0,1,"1",73,"1","3","5",11017.775124,0.86
"1",80,"3",1,"1","1","3","1","2",2,0,0,2,"1",80,"1","3","1",31819.329646,1.78
"1",57,"1",0,"2","1","1","2","2",3,0,0,0,"1",32,"1","4","5",22251.652505,2.69
"1",63,"4",1,"1","1","4","1","2",1,0,0,1,"1",63,"1","4","4",16445.226661,1.29
"1",63,"3",1,"1","1","4","1","2",2,0,0,1,"1",63,"1","4","1",88531.364913,5
"1",80,"3",1,"1","1","4","1","2",2,0,0,2,"2",80,"1","3","1",27609.529867,1.39
"2",28,"2",0,"1","1","4","1","2",6,2,3,0,"2",28,"1","4","6",35194.786613,0.5
"1",27,"1",0,"2","2","1","2","2",5,2,1,0,"1",27,"2","1","6",32327.336211,0.64
"2",33,"4",0,"1","1","3","1","2",7,0,1,0,"2",57,"1","1","5",27973.203758,0.57
"2",51,"6",0,"2","2","4","1","2",3,0,0,0,"1",55,"2","5","1",23687.672227,3.03
"1",61,"4",0,"1","1","2","1","2",3,0,1,1,"1",61,"1","2","1",12290.824112,1.92
"1",32,"4",0,"1","1","5","1","2",1,0,0,0,"1",34,"1","5","3",26438.468888,5
"2",43,"2",0,"2","1","5","1","2",3,0,2,0,"2",43,"2","5","2",25833.628249,1.23
"2",51,"6",0,"2","2","1","1","2",6,1,0,0,"2",21,"2","4","5",11949.443084,0.5
"2",22,"4",0,"1","1","4","1","2",3,2,0,0,"2",22,"1","4","5",33399.668475,0.03
"2",51,"4",0,"1","1","2","1","2",2,0,0,1,"2",60,"1","4","1",34700.469555,1.53
"1",72,"3",0,"1","1","4","1","2",2,0,0,2,"1",72,"1","4","1",15838.41928,3.22
"1",77,"4",0,"1","1","3","1","2",2,0,0,2,"1",77,"1","3","1",9918.956424,1.93
"1",71,"3",1,"1","1","5","1","2",6,0,2,2,"1",71,"1","5","1",44731.686889,3.17
"2",46,"1",0,"2","2","2","1","2",4,1,0,0,"2",46,"2","2","3",35928.777397,0.84
"1",27,"3",0,"1","1","5","1","2",2,0,0,0,"1",27,"1","5","5",78135.833105,4.19
"1",60,"4",0,"1","1","3","1","2",2,0,0,1,"1",60,"1","3","3",16580.002221,3.74
"1",26,"3",0,"1","1","4","1","2",2,0,0,0,"1",26,"1","4","5",84378.552022,5
"1",46,"4",1,"2","1","5","1","2",1,0,0,0,"1",46,"2","5","1",38313.250912,5
"1",71,"3",1,"1","1","4","1","2",4,0,1,2,"1",71,"1","4","1",12268.903935,1.05
"1",22,"3",0,"1","1","5","1","2",1,0,0,0,"1",22,"1","5","5",27280.366961,0.87
"1",56,"3",0,"1","1","5","1","2",4,0,0,0,"2",56,"1","4","1",110860.206479,3.14
"1",77,"2",1,"2","1","3","2","2",1,0,0,1,"1",77,"2","3","3",8592.757185,0.86
"1",64,"2",1,"1","1","4","1","2",4,0,0,1,"2",44,"1","2","6",18440.651852,4.19
"1",73,"3",1,"2","1","5","1","2",2,0,0,2,"1",73,"2","5","1",10068.104389,3.87
"1",57,"6",0,"2","1","4","1","2",3,0,0,0,"2",55,"2","4","1",19000.187408,3.58
"2",29,"3",0,"1","1","5","1","2",1,0,0,0,"1",25,"1","5","5",68800.199978,5
"2",24,"3",0,"1","1","3","1","2",5,2,1,0,"1",23,"1","2","6",53002.973503,0.86
"1",28,"3",0,"1","1","4","1","2",1,0,0,0,"1",28,"1","4","6",108524.09729,5
"1",37,"6",0,"2","1","4","1","2",5,1,2,0,"1",37,"2","4","1",16285.52157,1.81
"1",63,"4",1,"1","1","4","1","2",3,0,0,1,"1",63,"1","4","1",7605.014062,3.69
"2",20,"3",0,"1","1","3","1","2",3,0,0,0,"1",24,"1","4","5",121187.390688,5
"1",80,"1",1,"1","1","1","1","2",2,0,0,2,"1",80,"1","1","1",15866.435364,1.42
"1",80,"3",1,"1","1","5","1","2",2,0,0,2,"2",80,"1","4","1",27937.28961,1.11
"2",50,"1",0,"1","1","2","1","2",3,0,0,1,"1",50,"1","2","1",30946.877696,3.33
"1",59,"4",1,"1","1","3","1","2",1,0,0,0,"1",59,"1","3","3",37242.723626,1.22
"1",80,"3",1,"1","1","5","1","2",2,0,0,2,"1",80,"1","5","1",22208.518877,5
"1",64,"3",1,"1","1","4","1","2",2,0,0,2,"2",66,"1","5","1",92638.425247,5
"1",80,"3",1,"1","1","1","1","2",2,0,0,2,"2",76,"1","2","1",16350.000948,2.23
"1",65,"3",1,"1","1","4","1","2",4,0,2,1,"1",42,"1","3","3",125871.876863,1.15
"1",65,"2",1,"2","1","4","1","2",2,0,0,2,"1",65,"2","4","1",13116.082602,1.93
"2",75,"3",0,"1","1","3","1","2",2,0,0,2,"1",77,"1","2","1",58195.593747,5
"2",23,"3",0,"1","1","4","1","2",1,0,0,0,"2",23,"1","4","5",43136.931152,0.56
"1",62,"3",0,"1","1","4","1","2",3,0,0,2,"1",62,"1","4","1",103274.266784,3.54
"2",40,"3",0,"1","1","4","1","2",4,2,0,0,"2",40,"1","4","1",27133.215826,1.23
"1",75,"1",0,"1","1","2","1","2",2,0,0,1,"1",75,"1","2","2",12031.533115,1.01
"1",66,"1",1,"1","1","5","1","2",6,1,1,2,"1",66,"1","5","1",11763.750951,2.82
"1",67,"3",1,"1","1","5","1","2",2,0,0,2,"1",63,"1","2","5",20324.469673,1.27
"1",64,"1",1,"1","1","4","1","2",2,0,0,2,"2",61,"1","4","1",20685.132899,3.87
"1",80,"3",1,"1","1","3","1","2",2,0,0,2,"1",80,"1","3","1",42071.929453,3.18
"2",46,"3",0,"1","1","3","1","2",4,0,3,0,"2",46,"1","3","3",27223.519705,1.26
"1",46,"4",1,"1","1","5","1","2",6,0,3,1,"2",44,"1","5","1",18311.002421,4.38
"1",75,"6",0,"2","2","1","1","1",2,0,0,2,"1",75,"2","1","1",8506.354691,0.85
"1",62,"3",1,"1","1","4","1","2",3,0,0,1,"1",62,"1","4","1",19444.719947,1.92
"1",66,"3",1,"1","1","3","1","2",2,0,0,2,"1",66,"1","3","1",100833.284956,4.05
"2",27,"1",0,"2","2","4","1","2",6,2,2,0,"1",36,"1","4","6",36550.650062,0.28
"2",57,"3",0,"1","1","3","1","2",4,0,1,1,"2",57,"1","3","1",101812.197772,1.68
"1",61,"3",0,"1","1","4","1","2",3,0,0,2,"1",61,"1","4","1",70427.80792,5
"1",55,"3",1,"1","1","3","1","2",4,0,2,0,"1",55,"1","3","1",26108.80047,0.72
"2",45,"3",0,"1","1","2","1","2",2,0,0,0,"2",45,"1","2","1",93150.141339,3.05
"1",38,"3",0,"1","1","5","1","2",4,1,1,0,"2",38,"1","5","1",84120.656677,4.67
"2",25,"3",0,"1","1","3","1","2",3,1,0,0,"1",30,"1","3","1",77502.678334,0.51
"2",51,"3",0,"1","1","2","1","2",2,0,0,1,"2",66,"1","4","3",16405.444524,0.84
"1",80,"3",1,"1","1","4","1","2",1,0,0,2,"1",80,"1","4","3",17775.764083,1.65
"1",50,"1",0,"1","1","4","1","2",1,0,0,0,"1",50,"1","4","6",18133.275391,5
"1",30,"3",0,"1","1","3","1","2",1,0,0,0,"1",30,"1","3","5",20433.705885,0.69
"2",70,"3",0,"1","1","5","1","2",2,0,0,2,"1",72,"1","5","1",49790.981474,5
"1",55,"3",1,"1","1","3","1","2",2,0,0,0,"1",55,"1","3","1",135541.860875,1.74
"1",24,"4",0,"1","1","4","1","2",2,0,0,0,"2",57,"2","1","5",22462.070921,1.42
"1",50,"1",0,"1","1","2","1","2",4,0,1,0,"1",50,"1","2","1",17790.466055,2.59
"2",66,"6",0,"1","1","4","1","2",2,0,0,2,"2",66,"1","4","1",16703.028206,3.38
"2",57,"4",1,"1","1","3","1","2",4,0,0,0,"2",57,"1","3","1",19026.580317,2.94
"1",74,"3",1,"1","1","3","1","2",3,0,0,2,"2",74,"1","4","1",43466.005552,4.3
"2",59,"4",0,"1","1","3","1","2",1,0,0,0,"2",59,"1","3","5",28044.667493,2.14
"1",80,"3",1,"1","1","4","1","2",1,0,0,1,"1",80,"1","4","2",38030.363265,2.18
"1",36,"3",0,"1","1","5","1","2",5,1,2,0,"1",36,"1","5","1",46336.969091,5
"2",20,"6",0,"2","1","4","1","2",4,0,0,2,"1",67,"1","5","1",37144.711607,4.61
"2",56,"4",0,"1","1","2","1","2",1,0,0,0,"2",56,"1","2","3",26316.267764,0.62
"2",60,"2",0,"2","1","3","2","2",5,1,0,2,"1",34,"2","4","1",12164.973942,3.22
"1",72,"7",1,"1","1","4","1","2",1,0,0,1,"1",72,"1","4","2",75541.091292,1.46
"2",76,"3",0,"1","1","3","1","2",4,0,1,1,"2",76,"1","3","2",59355.474988,0.87
"1",47,"3",1,"1","1","4","1","2",7,2,3,0,"1",47,"1","4","1",20572.398009,0.7
"2",44,"4",0,"1","1","5","1","2",3,0,2,0,"2",44,"1","5","3",25979.424831,4.55
"1",25,"2",0,"1","1","5","1","2",3,1,0,0,"1",25,"1","5","1",62211.875054,2.3
"1",80,"3",1,"1","1","4","1","2",2,0,0,2,"2",78,"1","4","1",30464.571461,4.45
"1",80,"3",1,"1","1","5","1","2",3,0,0,2,"1",80,"1","5","1",25384.681948,2.05
"1",80,"3",1,"1","1","3","1","2",1,0,0,1,"1",80,"1","3","2",17152.004538,1.03
"2",32,"3",0,"1","1","4","1","2",3,1,0,1,"2",32,"1","4","4",20628.955903,0.51
"1",45,"3",0,"1","1","4","1","2",5,0,3,0,"2",50,"1","4","1",66076.325643,3.63
"1",56,"3",0,"1","1","4","1","2",2,0,0,1,"1",56,"1","4","1",114986.314708,5
"1",42,"3",1,"1","1","4","1","2",4,0,3,0,"1",42,"1","4","1",110735.363988,3.1
"1",68,"3",1,"1","1","4","1","2",2,0,0,1,"1",68,"1","4","1",113706.95816,3.22
"1",41,"3",0,"1","1","4","1","2",4,0,1,0,"1",41,"1","4","1",98994.797869,1.49
"2",62,"4",0,"1","1","4","1","2",1,0,0,3,"1",80,"1","1","2",9123.684839,0.23
"1",69,"1",1,"1","1","4","1","2",1,0,0,1,"1",69,"1","4","3",12296.327439,1.57
"1",72,"3",1,"1","1","3","1","2",4,0,0,2,"1",72,"1","3","1",11680.063327,0.12
"1",58,"3",1,"1","1","3","1","2",1,0,0,0,"1",58,"1","3","3",59706.921117,1.71
"1",80,"3",1,"1","1","5","1","2",2,0,0,2,"2",80,"1","2","1",28511.946732,5
"1",75,"3",1,"1","1","3","1","2",1,0,0,1,"1",75,"1","3","2",78088.059428,2.44
"2",25,"6",0,"2","1","5","1","2",2,0,0,0,"2",25,"2","5","5",17743.429247,5
"1",80,"3",1,"1","1","5","1","2",2,0,0,2,"1",80,"1","5","1",10694.23839,0.81
"1",75,"4",1,"1","1","2","1","2",3,0,1,2,"1",75,"1","2","1",11676.190808,1.02
"1",72,"4",1,"1","1","3","1","2",3,0,0,2,"1",72,"1","3","1",9029.128627,5
"1",48,"3",0,"1","1","3","1","2",1,0,0,0,"1",48,"1","3","3",30341.43992,0.12
"1",26,"3",0,"1","1","4","1","2",1,1,0,0,"1",26,"1","4","5",69363.063882,4.2
"1",74,"4",0,"2","1","3","1","2",2,0,0,2,"1",74,"2","3","1",10588.710727,1.91
"1",67,"3",1,"1","1","4","1","2",2,0,0,2,"1",67,"1","4","1",121183.281969,3.18
"2",80,"2",0,"2","1","4","1","2",3,0,1,1,"2",50,"1","5","6",13411.099208,1.07
"1",64,"3",1,"1","1","2","1","2",3,0,0,1,"2",53,"1","2","1",20871.929909,0.85
"1",44,"1",1,"1","1","4","1","2",4,0,1,0,"1",44,"1","4","1",35873.495141,3.82
"1",80,"3",1,"1","1","2","1","2",2,0,0,2,"1",80,"1","2","1",38596.961709,1.34
"1",66,"6",1,"1","1","4","1","2",3,0,1,1,"1",66,"1","4","1",18803.70839,2.05
"1",40,"2",1,"1","1","4","1","2",3,0,1,0,"2",43,"2","2","1",30445.103746,2.78
"2",69,"3",0,"1","1","5","1","2",2,0,0,2,"1",76,"1","4","1",35738.505782,1.23
"2",31,"2",0,"1","1","3","1","2",4,0,3,0,"2",31,"1","3","4",23468.559567,0.36
"1",53,"4",1,"1","1","4","1","2",5,0,1,0,"1",53,"1","4","1",20488.637482,3.45
"2",27,"6",0,"2","2","5","1","2",4,2,0,0,"2",27,"2","5","1",23330.972539,3.77
"1",43,"2",1,"2","1","4","1","2",5,1,0,2,"1",43,"2","4","1",26654.6478,3.48
"1",61,"3",1,"1","1","4","1","2",2,0,2,1,"1",61,"1","4","1",20871.929909,1.08
"1",56,"4",1,"1","1","4","1","2",1,0,0,0,"1",56,"1","4","4",33172.946793,5
"1",80,"3",1,"1","1","5","1","2",1,0,0,1,"1",80,"1","5","2",34201.668854,4.35
"2",25,"3",1,"1","1","4","1","2",3,1,0,0,"1",26,"1","3","1",76959.87691,2.82
"1",72,"4",0,"2","1","1","1","2",2,0,0,2,"1",72,"2","1","3",8592.630376,1.26
"2",33,"3",0,"1","1","3","1","2",5,0,3,0,"1",41,"1","2","1",17842.876892,0.91
"1",57,"3",1,"1","1","3","1","2",1,0,0,0,"1",57,"1","3","3",94744.17032,4.35
"1",58,"3",0,"1","1","2","1","2",2,0,0,0,"1",58,"1","2","1",28883.536459,0.52
"1",21,"6",0,"2","2","3","1","2",3,0,0,0,"1",55,"2","5","1",30549.291064,3.03
"2",20,"4",0,"1","1","3","1","2",5,1,1,0,"2",41,"1","4","1",15975.126014,0.9
"2",80,"3",0,"1","1","5","1","2",1,0,0,1,"2",80,"1","5","2",47633.108974,1.57
"1",66,"4",1,"1","1","4","1","2",2,0,0,2,"2",63,"1","3","1",11965.601623,3.18
"1",57,"6",0,"2","1","5","1","2",3,0,1,0,"1",57,"2","5","1",12093.772926,5
"1",60,"1",1,"2","1","4","1","2",2,0,0,2,"1",60,"2","4","1",19223.252968,2.26
"2",74,"3",0,"1","1","3","1","2",1,0,0,1,"2",74,"1","3","2",76458.854396,1.57
"1",32,"2",1,"1","1","4","1","2",1,0,0,0,"1",32,"1","4","5",52470.116042,5
"1",38,"1",0,"1","1","3","1","2",5,1,2,0,"1",38,"1","3","1",34519.137335,1.58
"1",35,"4",1,"1","1","4","1","2",1,0,0,0,"2",44,"1","3","2",27953.997263,0.05
"1",64,"3",1,"1","1","5","1","2",1,0,0,1,"1",64,"1","5","3",76751.08829,2.06
"2",49,"3",0,"1","1","5","1","2",4,0,1,1,"2",49,"1","5","1",93416.942697,4.35
"1",28,"1",0,"1","1","5","1","2",2,0,0,0,"2",27,"2","5","1",53506.258206,3.18
"1",40,"4",0,"1","1","3","1","2",6,0,4,0,"1",40,"1","3","1",27341.960646,1.44
"2",54,"3",1,"1","1","4","1","2",2,0,0,0,"1",44,"1","5","1",115082.96103,3.55
"2",33,"3",0,"1","1","4","1","2",4,0,2,0,"1",33,"1","3","1",84931.89592,2.52
"1",68,"2",0,"2","1","1","2","2",1,0,2,1,"1",68,"2","1","3",18552.911136,0.86
"1",69,"2",1,"2","1","3","1","2",1,0,0,1,"1",69,"2","3","3",18814.734899,0.72
"1",70,"3",0,"1","1","5","1","2",2,0,0,2,"1",70,"1","5","1",81342.875018,5
"1",55,"3",1,"1","1","4","1","2",3,0,1,0,"1",55,"1","4","1",22060.326312,0.61
"1",47,"6",0,"2","1","5","1","2",4,0,2,0,"2",45,"2","5","1",26373.741511,5
"1",72,"3",1,"1","1","2","1","2",5,0,0,3,"1",72,"1","2","1",51435.39666,4.48
"1",80,"3",1,"1","1","5","1","2",1,0,0,1,"1",80,"1","5","1",22208.518877,1.29
"1",57,"2",1,"1","1","4","1","2",4,0,2,0,"1",57,"1","4","1",21935.420532,4.19
"2",43,"7",0,"2","1","5","1","2",7,0,2,0,"2",43,"2","5","1",51223.793769,3.37
"2",40,"6",0,"2","2","5","1","2",4,1,1,0,"2",40,"2","5","1",14689.126638,1.68
"1",70,"1",0,"1","1","3","1","2",3,0,1,2,"1",70,"1","3","1",13846.32795,2.05
"2",34,"3",0,"1","1","5","1","2",2,0,0,0,"1",32,"1","5","1",107737.369017,5
"1",55,"3",1,"1","1","3","1","2",7,0,0,0,"1",55,"1","3","1",76594.574302,2.27
"1",80,"3",1,"1","1","3","1","2",2,0,0,2,"1",80,"1","3","1",29262.26112,5
"2",40,"4",0,"2","2","2","1","1",5,1,2,0,"1",49,"2","1","1",22566.402094,1.16
"1",52,"3",0,"1","1","5","1","2",2,0,0,0,"1",52,"1","5","1",120938.407068,5
"1",56,"3",1,"1","1","5","1","2",1,0,0,0,"1",56,"1","5","5",23192.46402,1.03
"1",54,"3",0,"1","1","2","1","2",3,0,0,0,"1",54,"1","2","1",114630.838071,5
"2",55,"3",0,"1","1","5","1","2",2,0,1,0,"2",55,"1","5","3",29035.617725,0.84
"1",24,"3",0,"1","1","4","1","2",3,1,0,0,"2",22,"1","4","6",91660.998094,2.12
"1",80,"4",0,"1","1","3","1","2",3,0,0,2,"2",78,"1","4","1",13005.585762,3.07
"1",76,"4",0,"2","1","4","1","2",2,0,0,2,"1",76,"2","4","1",9554.943993,5
"1",80,"3",1,"1","1","5","1","2",2,0,0,2,"2",77,"1","5","1",30134.270058,3.87
"2",23,"4",1,"1","1","4","1","2",1,0,0,0,"1",24,"1","4","5",27978.775033,0.77
"2",53,"4",1,"1","1","5","1","2",1,0,0,0,"2",53,"1","5","5",30652.046054,3.48
"1",77,"3",1,"1","1","4","1","2",2,0,0,2,"1",77,"1","4","1",82342.218737,5
"1",78,"4",1,"1","1","4","1","2",2,0,0,2,"2",76,"1","3","1",10521.219928,3.56
"1",80,"3",1,"1","1","5","1","2",2,0,0,2,"1",80,"1","5","1",36117.581178,5
"1",64,"1",0,"2","2","1","2","2",4,0,0,2,"1",64,"2","1","1",8748.134024,1.26
"1",71,"3",1,"1","1","5","1","2",3,0,1,1,"1",71,"1","5","1",50159.594859,5
"1",67,"4",1,"1","1","4","1","2",1,0,0,1,"1",67,"1","4","2",11965.601623,1.97
"1",71,"3",1,"1","1","5","1","2",2,0,0,1,"1",71,"1","5","1",79751.806605,2.38
"2",75,"3",0,"2","2","2","1","2",1,0,0,1,"2",75,"2","2","2",41833.745138,0.91
"1",32,"4",0,"1","1","2","1","2",1,0,0,0,"2",29,"1","2","5",21527.63823,1.29
"1",80,"3",1,"1","1","4","1","2",1,0,0,1,"1",80,"1","4","2",27542.95231,3.92
"1",29,"2",1,"1","1","4","1","2",6,2,2,0,"2",31,"1","4","1",43504.96459,0.06
"1",67,"4",1,"1","1","5","1","2",2,0,0,1,"1",67,"1","5","1",6435.130313,5
"2",40,"4",0,"1","1","5","1","2",3,0,2,0,"2",40,"1","5","6",20719.448832,5
"1",32,"4",0,"1","1","5","1","2",4,2,0,0,"1",32,"1","5","1",21679.511567,3.4
"2",69,"2",0,"2","1","3","1","2",1,0,0,1,"2",69,"2","3","3",11621.443799,2.23
"1",49,"3",1,"1","1","4","1","2",3,1,2,0,"2",39,"1","4","3",20299.088456,1.52
"1",34,"3",0,"1","1","5","1","2",4,2,0,0,"1",34,"1","5","1",58125.464346,5
"1",73,"3",1,"1","1","1","1","2",2,0,0,2,"1",73,"1","1","1",18650.131883,0.64
"1",48,"2",1,"1","1","5","1","2",3,1,0,0,"2",29,"1","4","1",23376.558978,5
"1",37,"1",0,"1","1","4","1","2",4,1,1,0,"1",37,"1","4","1",47397.537439,5
"2",66,"3",0,"1","1","4","1","2",2,0,0,2,"1",65,"1","5","1",74311.781717,5
"1",40,"4",1,"1","1","5","1","2",5,0,3,0,"1",40,"1","5","1",23568.774431,1.31
"1",67,"4",1,"1","1","3","1","2",2,0,0,1,"1",67,"1","3","1",17020.296478,5
"1",58,"3",1,"1","1","3","1","2",2,0,0,1,"1",80,"1","4","2",18142.299743,1.21
"2",50,"3",0,"1","1","5","1","2",1,0,0,0,"2",50,"1","5","5",109390.28714,5
"1",75,"3",1,"1","1","5","1","2",1,0,0,1,"1",75,"1","5","2",50465.61674,2.19
"1",80,"6",0,"2","1","5","1","2",1,0,0,1,"1",80,"2","5","2",14751.6517,3.64
"2",53,"2",0,"2","1","4","1","2",3,0,0,0,"2",53,"2","4","1",21784.629506,2.02
"1",51,"4",1,"1","1","4","1","2",7,0,3,0,"2",59,"1","3","1",21710.510043,4.16
"1",76,"3",1,"1","1","4","1","2",2,0,0,2,"1",76,"1","4","1",92650.446611,4.13
"2",74,"3",0,"1","1","1","1","2",1,0,0,1,"2",74,"1","1","2",14098.321033,0.73
"2",26,"3",0,"1","1","4","1","2",2,0,0,0,"1",29,"1","4","1",50437.189579,1.16
"1",80,"3",1,"1","1","5","1","2",1,0,0,1,"1",80,"1","5","5",27220.143827,3
"2",24,"3",0,"1","1","4","1","2",5,2,0,2,"1",61,"1","2","1",38552.426618,2.04
"1",80,"3",1,"1","1","3","1","2",2,0,0,2,"1",80,"1","3","1",15009.978227,0.97
"1",66,"3",1,"1","1","5","1","2",2,0,0,2,"1",66,"1","5","1",167884.543709,5
"2",38,"3",0,"1","1","5","1","2",4,1,1,0,"2",38,"1","5","1",84843.358338,4.67
"1",64,"2",1,"2","1","3","1","2",1,0,0,1,"1",64,"2","3","3",9358.132077,0.7
"1",23,"3",0,"1","1","4","1","2",5,0,1,0,"1",48,"1","5","1",99429.770418,2.51
"2",43,"3",0,"1","1","4","1","2",5,1,1,0,"2",43,"1","4","4",14878.09611,1.2
"2",80,"3",0,"1","1","2","1","2",1,0,0,1,"2",80,"1","2","2",28890.44725,1.11
"1",48,"4",0,"1","1","2","1","2",6,0,0,2,"2",66,"1","2","5",26354.381238,0.33
"1",40,"4",1,"2","1","5","1","2",3,0,1,0,"1",40,"2","5","1",25060.925719,5
"1",78,"3",1,"1","1","4","1","2",1,0,0,1,"1",78,"1","4","2",70688.504386,2.61
"1",64,"2",1,"1","1","2","1","2",2,0,0,2,"2",63,"2","2","1",18814.734899,0.89
"1",63,"3",0,"1","1","3","1","2",5,1,0,1,"2",52,"1","1","6",20871.929909,0.29
"2",46,"3",0,"1","1","3","1","2",1,0,0,0,"2",46,"1","3","4",79004.83557,2.18
"2",42,"3",0,"1","1","5","1","2",4,1,1,0,"2",42,"1","5","1",59610.193774,5
"2",52,"3",0,"1","1","4","1","2",6,3,0,0,"2",52,"1","4","3",25387.099737,0.47
"1",72,"1",0,"1","1","4","1","2",4,0,0,2,"2",62,"1","4","1",13023.451149,1.19
"2",42,"4",1,"1","1","4","1","2",1,0,0,0,"2",42,"1","4","3",31782.111792,2.79
"1",68,"3",1,"1","1","5","1","2",2,0,0,2,"1",68,"1","5","1",94768.369007,4.13
"1",80,"3",1,"1","1","1","1","2",1,0,0,1,"2",50,"1","5","1",26176.852831,1.91
"1",67,"4",1,"1","1","4","1","2",2,0,0,1,"1",67,"1","4","3",17250.326237,2.84
"1",69,"3",1,"1","1","5","1","2",2,0,0,2,"1",69,"1","5","1",86888.442321,3.87
"1",62,"4",1,"1","1","3","1","2",3,0,0,2,"1",62,"1","3","1",9918.654347,2.77
"1",74,"4",1,"1","1","1","1","2",1,0,0,1,"1",74,"1","1","3",12475.828207,0.85
"2",41,"3",0,"1","1","3","1","2",3,0,1,0,"1",42,"1","5","6",91441.804782,4.04
"2",38,"1",0,"1","1","4","1","2",6,0,4,0,"2",38,"1","4","1",23015.093413,0.63
"2",80,"3",1,"1","1","5","1","2",1,0,0,1,"2",80,"1","5","2",24635.680812,5
"2",23,"7",0,"1","1","3","1","2",3,1,0,0,"1",47,"1","4","1",32145.74355,1.02
"2",45,"3",1,"1","1","3","1","2",1,0,0,0,"2",45,"1","3","3",27191.901215,0.82
"2",46,"3",0,"1","1","3","1","2",4,0,1,0,"1",47,"1","4","1",91441.804782,2.2
"2",41,"3",0,"1","1","4","1","2",5,2,1,0,"1",33,"1","4","1",113405.908888,0.89
"2",40,"3",0,"1","1","1","1","2",7,2,4,0,"1",34,"1","1","1",24192.767674,0.03
"2",21,"6",0,"2","1","4","1","2",6,1,0,0,"2",21,"2","4","5",18235.900105,0.5
"1",41,"1",0,"1","1","2","1","2",3,0,0,0,"2",50,"1","2","5",35862.473154,1.28
"2",80,"3",0,"1","1","1","1","2",1,0,0,1,"2",80,"1","1","2",31920.554865,1.54
"1",43,"4",0,"1","1","3","1","2",3,0,0,1,"2",68,"1","3","5",19466.287321,0.08
"2",41,"4",0,"1","1","4","1","2",5,1,1,0,"1",50,"1","4","6",24110.527621,3.37
"2",64,"2",0,"2","1","3","2","2",1,0,0,1,"2",64,"2","3","3",12395.031073,0.7
"1",71,"1",0,"2","1","1","2","2",2,0,4,2,"2",72,"2","2","1",18961.371824,0.7
"2",44,"3",0,"1","1","5","1","2",4,0,2,0,"1",41,"1","5","1",113405.908888,5
"1",63,"1",0,"2","1","1","2","2",7,0,1,1,"2",48,"2","3","1",7037.582072,1.68
"1",49,"3",1,"1","1","3","1","2",1,0,0,0,"1",49,"1","3","3",128072.163627,2.61
"1",80,"3",1,"1","1","5","1","2",2,0,0,2,"2",73,"1","3","1",33888.033134,5
"1",79,"4",1,"1","1","4","1","2",1,0,0,1,"1",79,"1","4","4",11824.556541,2.1
"1",62,"4",1,"1","1","4","1","2",1,0,0,2,"1",62,"1","4","3",10117.475546,0.26
"1",36,"3",0,"1","1","3","1","2",1,0,0,0,"1",36,"1","3","3",19211.134195,2.06
"1",74,"4",1,"1","1","3","1","2",2,0,0,2,"1",74,"1","3","1",9918.956424,1.93
"1",73,"3",1,"1","1","4","1","2",2,0,0,2,"1",73,"1","4","1",95375.459747,5
"1",58,"3",0,"1","1","2","1","2",2,0,0,0,"1",58,"1","2","1",28883.536459,1.21
"1",77,"3",1,"1","1","4","1","2",2,0,0,2,"2",75,"1","3","1",46988.470276,2.26
"2",80,"3",0,"1","1","4","1","2",2,0,0,2,"2",80,"1","4","1",47196.304429,3.18
"1",76,"4",1,"1","1","4","1","2",1,0,0,2,"2",76,"1","4","6",14180.768061,5
"1",60,"4",1,"1","1","3","1","2",1,0,0,1,"1",60,"1","3","5",9289.765852,0.73
"1",29,"1",0,"1","1","4","1","2",4,1,1,0,"1",29,"1","4","1",35859.677501,3.14
"1",80,"3",0,"1","1","4","1","2",2,0,0,2,"1",80,"1","4","1",32304.087068,3.22
"1",62,"3",1,"1","1","4","1","2",5,2,0,2,"1",62,"1","4","1",77910.3111,4.84
"1",54,"4",1,"1","1","2","1","2",2,0,0,0,"1",54,"1","2","1",25710.824593,3.18
"1",80,"3",1,"1","1","5","1","2",2,0,0,2,"2",80,"1","4","1",35881.794253,3.22
"2",40,"4",0,"1","1","3","1","2",1,0,0,0,"2",40,"1","3","6",28751.601313,1.13
"1",59,"4",0,"1","1","1","1","2",5,1,0,0,"2",36,"1","2","1",19437.763178,0.54
"2",31,"7",0,"1","1","4","1","2",2,1,0,0,"2",31,"1","4","5",30106.853771,0.95
"1",80,"3",0,"1","1","4","1","2",2,0,0,2,"1",80,"1","4","1",22208.518877,5
"1",36,"3",0,"1","1","5","1","2",5,0,3,0,"2",36,"1","4","1",83613.322042,5
"1",32,"6",0,"1","1","3","1","2",7,1,1,0,"1",32,"1","3","4",25894.090606,3.33
"2",39,"3",0,"1","1","5","1","2",1,0,0,0,"1",36,"1","5","5",66778.878489,5
"1",51,"4",0,"1","1","4","1","2",1,0,0,0,"1",51,"1","4","3",19683.281908,5
"1",54,"2",1,"2","1","2","1","2",3,0,0,0,"2",53,"2","4","1",21229.284796,2.02
"1",80,"3",1,"1","1","4","1","2",2,0,0,2,"1",80,"1","4","1",38030.363265,3.87
"1",62,"3",0,"1","1","2","1","2",6,1,2,1,"1",62,"1","2","3",10551.463549,0.7
"2",60,"3",0,"1","1","3","1","2",1,0,0,1,"2",60,"1","3","3",96282.763956,2.96
"1",32,"3",0,"1","1","5","1","2",3,0,0,1,"2",80,"2","1","2",56828.521331,2.56
"1",41,"7",1,"1","1","5","1","2",5,0,2,0,"1",41,"1","5","1",94164.832792,3.63
"1",48,"7",1,"1","1","4","1","2",1,0,0,0,"1",48,"1","4","3",35988.603336,1.54
"1",52,"3",0,"1","1","4","1","2",2,0,0,0,"1",52,"1","4","1",100925.096958,3.81
"2",38,"3",0,"1","1","5","1","2",1,0,0,0,"2",38,"1","5","3",57743.051354,5
"1",69,"4",1,"1","1","3","1","2",1,0,0,2,"1",69,"1","3","6",11957.886606,1.74
"1",67,"6",1,"1","1","5","1","2",2,0,0,2,"1",67,"1","5","1",14746.098191,5
"1",80,"3",1,"1","1","5","1","2",2,0,0,2,"1",80,"1","5","1",22208.518877,5
"2",52,"4",0,"1","1","5","1","2",1,0,0,0,"2",52,"1","5","5",27252.596772,3.92
"2",57,"4",0,"1","1","5","1","2",4,0,0,0,"1",57,"1","5","1",22430.48913,5
"1",64,"4",1,"1","1","4","1","2",4,0,1,2,"1",64,"1","4","1",10002.015537,2.12
"1",30,"3",0,"1","1","3","1","2",4,1,1,0,"2",30,"2","4","1",22764.001768,1.05
"1",70,"3",1,"1","1","4","1","2",1,0,0,1,"1",70,"1","4","3",75541.091292,0.71
"1",67,"3",1,"1","1","4","1","2",3,0,0,2,"2",67,"1","4","1",82891.798754,2.82
"2",57,"6",0,"2","1","5","1","2",2,0,0,1,"2",57,"2","5","1",18154.609898,3.81
"1",46,"3",1,"1","1","4","1","2",2,0,0,0,"1",46,"1","4","1",102082.313822,5
"1",63,"1",0,"2","1","2","2","2",3,0,1,1,"2",36,"2","2","1",13023.451149,3.33
"2",62,"4",0,"1","1","5","1","2",3,0,0,2,"2",62,"1","5","1",11998.169643,4.61
"1",76,"3",1,"1","1","4","1","2",2,0,0,2,"1",76,"1","4","1",17158.598279,1.23
"1",61,"3",1,"1","1","3","1","2",3,0,1,1,"2",57,"1","2","1",15594.512382,0.82
"2",56,"3",0,"1","1","3","1","1",2,0,0,0,"2",56,"1","3","5",70343.140253,2.58
"2",42,"3",1,"1","1","5","1","2",1,0,0,0,"2",42,"1","5","3",106987.791876,5
"1",58,"1",1,"1","1","4","1","2",1,0,0,0,"1",58,"1","4","3",18424.936671,3.43
"1",30,"3",0,"1","1","4","1","2",6,1,3,0,"2",33,"1","5","1",16977.21867,1.58
"2",80,"3",0,"1","1","2","1","2",2,0,0,2,"1",80,"1","3","1",50881.64222,1.29
"1",57,"3",1,"1","1","4","1","2",5,1,2,0,"1",57,"1","4","1",26347.838846,1.43
"2",68,"4",0,"1","1","3","1","2",1,0,0,1,"2",68,"1","3","5",14368.512073,1.89
"2",24,"6",0,"1","1","5","1","2",3,0,0,1,"1",59,"2","4","3",20598.372687,0.81
"1",80,"3",1,"1","1","4","1","2",1,0,0,2,"1",80,"1","4","2",32307.180593,1.39
"1",24,"3",1,"1","1","4","1","2",1,0,0,0,"1",24,"1","4","5",92282.126088,5
"1",38,"1",0,"2","1","4","1","2",6,1,2,0,"1",38,"2","4","1",49350.716112,1.27
"1",48,"4",1,"1","1","5","1","2",5,0,1,0,"1",48,"1","5","1",20952.09579,4.82
"1",73,"3",1,"1","1","4","1","2",2,0,0,2,"1",73,"1","4","1",81484.448402,2.42
"1",35,"3",0,"1","1","4","1","2",5,0,2,0,"1",35,"1","4","6",70468.300651,1.25
"1",68,"4",1,"1","1","5","1","2",1,0,0,1,"1",68,"1","5","5",11205.822068,1.57
"1",78,"1",1,"1","1","2","1","2",4,0,1,2,"1",78,"1","2","1",13846.32795,2.12
"1",61,"2",1,"2","1","3","1","2",6,1,0,1,"1",27,"1","4","6",8018.502363,3.09
"1",24,"3",1,"1","1","3","1","2",5,2,0,0,"1",52,"1","2","3",29164.438537,0.72
"2",41,"4",0,"1","1","5","1","2",6,0,4,0,"1",45,"1","5","1",23170.697014,4.07
"1",42,"3",1,"1","1","4","1","2",2,0,0,0,"2",34,"2","4","6",73112.943088,5
"1",63,"3",1,"1","1","5","1","2",1,0,0,1,"1",63,"1","5","3",22785.070298,2.14
"2",51,"3",0,"1","1","5","1","2",2,0,0,0,"1",55,"1","5","1",108329.716489,5
"1",38,"1",0,"1","1","3","1","2",3,0,1,0,"1",38,"1","3","1",39488.484731,1.54
"1",76,"4",1,"1","1","4","1","2",3,0,0,1,"1",76,"1","4","1",8346.825082,3.03
"2",43,"6",0,"2","2","5","1","2",2,0,0,0,"2",43,"2","5","1",22677.597643,5
"2",49,"3",0,"1","1","4","1","2",1,0,0,0,"2",49,"1","4","4",83967.118127,3.26
"1",78,"3",1,"1","1","5","1","2",2,0,0,2,"1",78,"1","5","1",73281.215672,5
"2",46,"4",1,"2","1","5","1","2",3,0,1,0,"2",46,"2","5","3",32466.325208,1.95
"1",80,"3",1,"1","1","3","1","2",2,0,0,2,"2",77,"1","3","1",47338.814929,2.03
"2",44,"3",1,"1","1","4","1","2",2,0,0,1,"2",64,"1","4","2",21792.368016,1.02
"1",32,"1",0,"2","2","2","2","2",4,2,0,0,"1",32,"2","2","1",49542.964411,1.27
"1",80,"3",1,"1","1","3","1","2",3,0,0,2,"1",80,"1","3","1",10712.364879,0.71
"1",24,"3",0,"1","1","4","1","2",1,0,0,0,"1",24,"1","4","5",122177.425821,1.62
"1",74,"3",1,"1","1","2","1","2",4,0,0,1,"1",74,"1","2","1",10847.125553,0.84
"1",64,"3",1,"1","1","5","1","2",3,0,0,2,"1",64,"1","5","1",82952.660857,1.28
"1",63,"4",1,"1","1","3","1","2",1,0,0,1,"1",63,"1","3","3",11845.98068,2.14
"2",50,"1",0,"1","1","5","1","2",4,0,0,1,"2",56,"1","4","3",25479.456602,2.63
"1",54,"4",1,"1","1","4","1","2",3,0,0,0,"1",54,"1","4","1",34604.668058,1.33
"1",62,"3",1,"2","1","5","1","2",2,0,0,1,"1",62,"2","5","1",103177.779075,2.9
"1",80,"3",1,"1","1","5","1","2",2,0,0,2,"1",80,"1","5","1",27937.28961,1.88
"2",59,"3",0,"1","1","4","1","2",2,0,0,0,"2",59,"1","4","1",112543.401742,5
"1",41,"3",1,"1","1","4","1","2",4,0,2,0,"1",41,"1","4","1",68207.163066,4.88
"1",40,"6",1,"1","1","4","1","2",4,0,2,0,"1",40,"1","4","1",13262.997143,5
"2",38,"4",0,"2","2","4","1","2",3,1,0,0,"1",33,"1","4","1",24912.278274,5
"1",60,"3",0,"1","1","5","1","2",2,0,0,2,"2",60,"1","5","1",91500.494214,5
"1",43,"3",1,"1","1","3","1","2",5,0,3,0,"2",45,"1","5","1",94481.045518,3.14
"1",79,"3",1,"1","1","5","1","2",1,0,0,1,"1",79,"1","5","2",15934.906148,1.49
"1",42,"3",1,"1","1","5","1","2",3,1,0,0,"1",42,"1","5","1",57607.532138,3.79
"2",42,"3",0,"1","1","1","1","2",4,0,2,0,"1",54,"1","3","1",24046.682218,1.78
"1",22,"2",0,"1","1","4","1","2",4,0,1,0,"1",47,"1","4","1",52657.460475,4.67
"2",25,"7",0,"2","1","4","1","2",2,1,0,0,"2",25,"2","4","5",24025.96175,0.9
"2",75,"3",0,"1","1","5","1","2",1,0,0,1,"2",75,"1","5","2",26154.326359,3.26
"2",63,"3",0,"1","1","2","1","2",2,0,0,2,"2",63,"1","2","5",42687.032136,1.14
"1",66,"1",1,"1","1","4","1","2",2,0,0,2,"1",66,"1","4","1",18961.371824,2.58
"1",61,"6",0,"2","2","1","1","1",3,0,0,2,"1",61,"2","1","1",22379.277271,2.2
"1",47,"4",1,"1","1","5","1","2",1,0,0,0,"1",47,"1","5","3",24049.055825,5
"2",80,"3",0,"1","1","4","1","2",2,0,0,2,"2",80,"1","4","1",49973.041466,3.22
"1",22,"7",0,"1","1","4","1","2",5,0,0,0,"1",52,"1","3","1",56685.386022,4.06
"1",50,"4",1,"1","1","5","1","2",4,0,1,0,"1",50,"1","5","1",24910.550781,2.97
"1",80,"3",1,"1","1","3","1","2",1,0,0,1,"1",80,"1","3","2",27426.810391,1.97
"1",37,"1",0,"1","1","5","1","2",4,2,0,0,"2",32,"1","5","1",48878.710484,5
"1",63,"3",1,"1","1","5","1","2",2,0,0,1,"1",63,"1","5","1",135814.647839,5
"1",48,"7",0,"1","1","4","1","2",7,1,3,1,"2",65,"1","1","2",62857.96075,0.65
"1",80,"3",1,"1","1","3","1","2",2,0,0,2,"1",80,"1","3","1",20328.253924,1.55
"2",34,"4",0,"1","1","3","1","2",2,0,0,0,"2",56,"1","4","3",30189.397448,2.16
"1",58,"4",1,"1","1","3","1","2",2,0,0,1,"1",58,"1","3","1",25488.879784,2.06
"1",80,"3",1,"1","1","4","1","2",1,0,0,1,"1",80,"1","4","2",12589.045446,4.28
"1",59,"4",1,"1","1","4","1","2",1,0,0,0,"1",59,"1","4","3",19909.939918,5
"1",36,"7",0,"1","1","4","1","2",5,2,1,0,"1",36,"1","4","6",15740.694553,0.64
"2",67,"3",0,"1","1","3","1","2",1,0,0,1,"2",67,"1","3","2",41558.029882,1.89
"1",63,"3",1,"1","1","5","1","2",2,0,0,2,"2",80,"1","4","2",17948.972259,1.18
"2",59,"3",0,"1","1","4","1","2",2,0,0,1,"1",71,"1","5","1",125087.3583,2.38
"1",50,"4",1,"1","1","4","1","2",5,1,1,0,"1",50,"1","4","6",21710.510043,3.37
"1",75,"3",1,"1","1","4","1","2",2,0,0,2,"1",75,"1","4","1",16099.393371,1.46
"2",20,"2",0,"1","1","3","1","2",2,0,0,0,"2",52,"2","2","5",27971.682978,2.23
"2",25,"3",0,"1","1","5","1","2",4,0,0,0,"2",25,"1","5","5",93806.110061,5
"1",66,"3",1,"1","1","4","1","2",7,0,2,2,"1",66,"1","4","1",23856.698444,1.08
"1",77,"3",1,"1","1","1","1","2",1,0,0,1,"1",77,"1","1","2",15614.822094,1.2
"2",34,"3",0,"1","1","2","1","2",3,1,1,0,"2",34,"1","2","6",30106.853771,0.03
"2",68,"6",0,"2","2","1","1","1",5,1,0,2,"1",77,"2","1","1",16752.924036,0.86
"1",52,"3",1,"1","1","3","1","2",1,0,0,0,"1",52,"1","3","3",86311.240012,0.73
"2",55,"2",0,"2","1","4","1","2",4,1,0,0,"1",36,"2","4","1",16282.072418,2.34
"1",80,"3",1,"1","1","3","1","2",3,0,0,2,"2",71,"1","4","1",25463.744101,3.46
"2",63,"4",0,"1","1","3","1","2",2,0,0,1,"2",63,"1","3","2",15912.535593,0.46
"2",26,"4",1,"1","1","4","1","2",4,1,1,0,"1",34,"1","4","6",34505.769229,2.64
"1",68,"3",1,"1","1","4","1","2",3,0,0,2,"1",68,"1","4","1",17346.272297,1.48
"1",38,"6",0,"2","2","5","1","2",5,1,2,0,"2",39,"2","5","1",28043.414805,5
"2",37,"3",0,"1","1","4","1","2",4,1,2,0,"2",37,"1","4","3",78319.113205,2.38
"1",32,"3",1,"1","1","5","1","2",5,1,2,0,"1",32,"1","5","1",56462.945234,3.45
"1",35,"3",0,"1","1","4","1","2",4,2,0,0,"1",35,"1","4","1",84641.114152,3.18
"1",57,"4",0,"2","2","1","1","2",1,0,0,1,"2",46,"1","3","3",19357.142661,0.44
"1",73,"7",1,"1","1","5","1","2",1,0,0,1,"1",73,"1","5","5",11680.114212,1.24
"1",53,"2",1,"1","1","2","1","2",2,0,0,1,"2",62,"1","2","1",27654.420632,0.95
"1",73,"7",1,"1","1","2","1","2",7,0,0,2,"1",73,"1","2","1",12097.215302,0.67
"2",62,"3",0,"1","1","4","1","2",1,0,0,1,"2",62,"1","4","2",113714.512414,1.53
"2",49,"3",0,"1","1","5","1","2",5,0,2,0,"1",47,"2","5","1",66313.020476,5
"2",56,"7",0,"1","1","5","1","2",3,0,0,0,"2",56,"1","5","1",15685.56944,1
"1",66,"4",1,"1","1","4","1","2",1,0,0,1,"1",66,"1","4","5",18748.638628,1.22
"1",80,"4",1,"1","1","3","1","2",4,0,1,2,"2",55,"1","1","1",13640.922524,0.84
"2",69,"4",0,"1","1","2","1","2",1,0,0,1,"2",69,"1","2","3",17372.828192,1.22
"1",67,"6",1,"2","1","3","1","2",2,0,0,2,"1",67,"2","3","1",19321.371642,3.81
"2",24,"1",0,"1","1","2","2","2",6,0,1,0,"1",52,"2","1","5",19370.330115,0.31
"1",66,"3",1,"1","1","4","1","2",2,0,0,2,"2",65,"1","4","1",111519.206155,4.77
"1",60,"4",1,"1","1","3","1","2",2,0,0,2,"1",60,"1","3","1",11893.550091,3.22
"2",43,"4",1,"1","1","5","1","2",1,0,0,0,"2",43,"1","5","5",31350.865924,0.86
"1",76,"3",1,"1","1","4","1","2",2,0,0,2,"1",76,"1","4","1",81877.396403,4.13
"2",80,"3",0,"1","1","5","1","2",2,0,0,2,"2",80,"1","5","1",39490.273952,1.16
"2",41,"3",0,"1","1","4","1","2",1,0,0,0,"2",41,"1","4","3",23273.826875,0.78
"1",30,"3",1,"1","1","4","1","2",5,3,0,0,"2",26,"1","2","6",17858.302239,0.36
"2",23,"1",0,"1","1","3","1","2",4,2,0,0,"1",26,"2","3","1",46430.172148,0.88
"1",22,"1",0,"1","1","4","1","2",4,0,0,0,"1",46,"1","5","1",51877.119096,5
"2",36,"3",0,"1","1","5","1","2",3,0,1,0,"1",32,"2","4","1",33656.752408,1.26
"1",64,"6",0,"2","2","5","1","1",2,0,0,2,"1",64,"2","5","1",13666.527217,0.64
"2",80,"3",0,"1","1","3","1","2",1,0,0,1,"2",80,"1","3","2",14622.538888,0.94
"1",77,"3",0,"2","1","5","1","1",2,0,0,2,"2",73,"2","1","1",8028.588139,0.64
"1",30,"2",0,"2","2","4","1","2",3,1,0,0,"1",30,"2","4","1",46797.935206,4.25
"1",59,"2",1,"1","1","5","1","2",1,0,0,0,"1",59,"1","5","4",27928.155995,5
"1",75,"3",0,"1","1","2","1","2",2,0,0,2,"1",75,"1","2","1",51195.148771,1.93
"1",60,"3",1,"1","1","3","1","2",1,0,0,1,"1",60,"1","3","3",15594.512382,0.73
"2",63,"1",0,"2","1","4","1","2",4,0,1,2,"1",64,"1","4","1",9038.850741,0.72
"1",66,"3",1,"1","1","5","1","2",2,0,0,2,"2",66,"1","4","1",90352.414131,5
"1",63,"4",1,"1","1","4","1","2",2,0,0,2,"1",63,"1","4","1",13740.288749,3.87
"1",39,"3",1,"1","1","5","1","2",5,2,1,0,"1",39,"1","5","1",106819.654572,4.9
"1",66,"7",1,"1","1","2","1","2",2,0,0,1,"1",66,"1","2","1",21239.874612,0.93
"1",32,"1",0,"2","2","3","2","2",5,1,1,1,"2",32,"2","3","1",37665.25833,1.27
"2",45,"6",0,"2","2","5","1","2",4,1,0,0,"1",47,"2","5","1",17112.602444,4.19
"1",52,"3",1,"1","1","5","1","2",1,0,0,0,"1",52,"1","5","4",114727.787393,4.28
"1",44,"6",1,"2","1","5","1","1",5,1,2,0,"2",42,"2","3","1",16441.312142,2.51
"1",55,"6",0,"2","2","3","1","1",4,0,0,0,"1",55,"2","3","1",18508.919608,3.14
"1",41,"6",0,"2","1","3","1","2",6,1,1,2,"1",70,"2","3","1",10667.004813,1.56
"2",37,"1",0,"2","2","1","2","2",4,0,2,0,"1",36,"2","3","6",29921.555796,0.76
"1",67,"4",1,"1","1","2","1","2",3,0,0,2,"2",64,"1","3","1",8779.720493,4.25
"1",27,"7",1,"1","1","4","1","2",1,0,0,0,"2",27,"1","4","6",30626.373724,2.61
"2",52,"3",1,"1","1","4","1","2",2,0,0,0,"1",55,"1","3","1",136076.460362,1.74
"1",63,"3",1,"1","1","5","1","2",2,0,0,2,"1",63,"1","5","1",126017.53674,3.81
"1",58,"4",1,"1","1","5","1","2",1,0,0,0,"1",58,"1","5","3",25895.958339,1.63
"1",40,"4",0,"1","1","4","1","2",3,0,1,0,"1",40,"1","4","1",33692.336927,4.42
"1",45,"4",0,"1","1","3","1","2",7,1,4,0,"2",46,"1","2","6",27925.241923,0.07
"2",80,"3",0,"1","1","2","1","2",2,0,0,2,"2",63,"1","2","5",36777.832449,1.14
"1",70,"6",0,"2","1","3","1","1",6,1,1,2,"1",70,"2","3","1",6770.568659,1.56
"2",41,"1",0,"2","2","1","2","2",5,0,2,0,"2",41,"2","1","6",25707.261411,0.9
"2",59,"3",0,"1","1","5","1","2",1,0,0,0,"2",59,"1","5","3",36269.783123,1.17
"1",71,"3",0,"1","1","4","1","2",2,0,0,2,"1",71,"1","4","1",51435.39666,3.81
"1",54,"2",1,"1","1","4","1","2",3,0,0,0,"2",58,"1","4","1",25643.026959,1.54
"2",70,"3",0,"1","1","4","1","2",2,0,0,2,"1",73,"1","2","1",21936.519156,0.97
"1",63,"3",1,"1","1","2","1","2",2,0,0,2,"1",63,"1","2","5",20324.469673,1.27
"1",50,"6",0,"2","1","5","1","2",3,0,0,0,"1",50,"2","5","1",14258.02853,3.03
"1",65,"4",0,"1","1","4","1","2",1,0,0,2,"1",65,"1","4","6",9792.850833,5
"1",40,"4",1,"1","1","4","1","2",6,1,2,0,"1",40,"1","4","1",25357.169268,1.27
"1",21,"7",0,"1","1","5","1","2",3,0,0,2,"2",60,"1","5","1",20268.203478,5
"1",28,"1",1,"1","1","4","1","2",1,0,0,0,"1",28,"1","4","5",47834.841439,1.97
"1",47,"4",1,"1","1","4","1","2",2,0,0,0,"2",48,"1","3","1",22737.96647,1.91
"2",50,"1",0,"2","2","2","2","2",5,1,1,0,"1",50,"2","2","1",25479.456602,1.63
"1",63,"3",1,"1","1","4","1","2",2,0,0,2,"1",63,"1","4","1",127710.787074,3.87
"2",56,"3",0,"1","1","5","1","2",2,0,0,0,"1",52,"1","5","1",101132.250586,5
"1",39,"1",0,"1","1","3","1","2",4,0,0,1,"2",56,"1","4","3",56918.367142,2.63
"1",80,"3",1,"1","1","5","1","2",2,0,0,2,"2",80,"1","2","1",12484.178482,2.9
"1",80,"3",1,"1","1","3","1","2",2,0,0,2,"1",80,"1","3","1",32307.180593,1.93
"1",53,"3",1,"1","1","4","1","2",4,0,0,0,"1",53,"1","4","1",104153.99809,5
"2",55,"3",0,"1","1","5","1","2",2,0,0,0,"1",57,"1","5","1",110148.142573,5
"1",72,"4",1,"1","1","5","1","2",3,0,0,1,"1",72,"1","5","2",11824.556541,4.04
"1",46,"3",0,"1","1","4","1","2",5,0,3,0,"1",46,"1","4","1",77446.959241,3.48
"1",24,"3",0,"1","1","5","1","2",3,0,0,2,"1",61,"1","5","1",71075.53548,5
"1",60,"7",1,"2","1","4","1","1",5,0,0,1,"1",60,"2","4","1",16995.351731,1.55
"1",37,"1",0,"2","2","2","1","2",7,1,2,1,"1",62,"2","1","1",49350.716112,3.79
"1",76,"3",1,"1","1","4","1","2",2,0,0,2,"2",73,"1","4","1",60448.852005,3.81
"1",27,"3",1,"1","1","3","1","2",3,1,0,0,"1",27,"1","3","6",88417.190378,2.02
"1",78,"3",1,"1","1","5","1","2",2,0,0,2,"2",73,"1","4","1",105755.909595,1.77
"2",36,"4",0,"1","1","3","1","2",6,0,4,0,"1",40,"1","3","1",27388.92069,1.44
"2",28,"4",0,"1","1","2","1","2",4,0,1,1,"2",76,"1","1","5",20511.527517,0.34
"1",51,"3",1,"1","1","4","1","2",3,0,0,0,"2",48,"1","4","1",27076.665719,1.16
"1",80,"3",0,"1","1","5","1","2",3,0,0,2,"1",80,"1","5","2",25954.195006,2.78
"2",44,"4",1,"1","1","5","1","2",6,0,3,1,"2",44,"1","5","1",20894.648424,4.38
"1",63,"2",1,"1","1","4","1","2",3,0,0,2,"1",63,"1","4","1",11140.687817,1.13
"1",43,"3",0,"1","1","3","1","2",1,0,0,0,"2",53,"1","3","3",102341.831273,0.17
"1",54,"4",1,"1","1","3","1","2",6,0,1,2,"2",77,"1","3","1",19584.305884,0.75
"2",24,"3",0,"1","1","2","1","2",6,2,1,0,"2",24,"1","2","6",32937.437218,1.13
"1",61,"1",1,"1","1","5","1","2",2,0,0,1,"1",61,"1","5","1",12296.327439,5
"1",36,"1",0,"2","2","1","2","2",5,2,1,0,"1",36,"2","1","1",45310.15341,1.81
"1",44,"4",1,"1","1","5","1","2",4,0,2,0,"2",44,"1","5","1",23568.774431,5
"1",80,"3",1,"1","1","5","1","2",2,0,0,2,"1",80,"1","5","1",27937.28961,4.93
"1",44,"4",0,"1","1","2","1","2",7,3,4,0,"2",41,"1","2","1",25293.34852,0.07
"1",32,"4",0,"1","1","4","1","2",5,0,3,0,"2",35,"1","4","1",22404.751661,1.45
"1",68,"4",1,"1","1","5","1","2",2,0,0,2,"2",62,"1","4","1",10631.757338,4.84
"2",34,"3",0,"1","1","4","1","2",4,0,1,1,"2",34,"1","4","5",66745.514133,5
"2",52,"3",0,"1","1","5","1","2",4,0,1,0,"2",52,"1","5","1",110148.142573,5
"1",80,"3",1,"1","1","5","1","2",2,0,0,2,"1",80,"1","5","1",14101.646153,5
"1",30,"3",0,"1","1","5","1","2",1,0,0,0,"2",23,"1","4","5",16306.556927,1.74
"1",80,"7",1,"1","1","4","1","2",6,1,0,1,"2",55,"1","5","1",37442.300964,5
"1",80,"3",1,"1","1","3","1","2",3,0,0,1,"1",80,"1","3","2",43273.98458,2.15
"2",46,"3",0,"1","1","4","1","2",3,0,0,0,"2",46,"1","4","3",18310.246982,3.17
"1",44,"4",0,"1","1","3","1","2",6,0,0,2,"2",66,"1","2","5",26354.381238,0.33
"1",78,"4",1,"1","1","1","1","2",1,0,0,1,"1",78,"1","1","4",9090.294286,1.04
"1",39,"3",1,"1","1","3","1","2",2,0,0,0,"1",39,"1","3","1",97605.231808,2.54
"1",53,"3",1,"2","1","5","1","2",5,0,3,0,"1",53,"2","5","1",24960.290688,1.11
"2",29,"1",0,"1","1","4","1","2",5,0,2,1,"2",29,"1","4","5",30099.494157,0.71
"1",80,"3",1,"1","1","5","1","2",2,0,0,2,"2",80,"1","4","1",22208.518877,5
"2",74,"3",0,"1","1","4","1","2",2,0,0,2,"1",73,"1","3","1",77762.916638,1.55
"1",51,"3",0,"1","1","2","1","2",1,0,0,0,"2",50,"1","4","1",26156.803734,0.69
"1",55,"4",1,"1","1","4","1","2",2,0,0,1,"1",55,"1","4","1",22961.016712,4.64
"1",80,"6",0,"2","1","5","1","2",1,0,0,1,"1",80,"2","5","5",14379.870926,5
"1",80,"3",1,"1","1","4","1","2",2,0,0,1,"1",80,"1","4","2",13998.289096,1.21
"1",79,"4",1,"1","1","1","1","2",1,0,0,1,"1",79,"1","1","3",7721.874241,2.09
"2",52,"7",0,"1","1","2","1","2",4,0,0,1,"2",52,"1","2","5",32977.447451,1.04
"1",74,"4",1,"1","1","4","1","2",5,1,0,2,"1",74,"1","4","1",19006.997633,1.27
"1",75,"3",1,"1","1","2","1","2",4,1,0,1,"1",75,"1","2","1",12485.188593,0.45
"1",72,"3",1,"1","1","2","1","2",1,0,0,1,"1",72,"1","2","3",21347.554443,0.96
"1",55,"3",1,"1","1","3","1","2",4,0,0,1,"1",55,"1","3","4",145512.893663,1.46
"1",67,"4",1,"1","1","3","1","2",2,0,0,2,"1",67,"1","3","1",11536.172672,2.58
"1",51,"4",0,"1","1","5","1","2",1,0,0,0,"1",51,"1","5","5",15738.592398,1.71
"1",65,"3",1,"1","1","3","1","2",4,0,0,2,"1",65,"1","3","1",120515.626784,2.12
"2",34,"2",0,"1","1","3","1","2",1,0,0,1,"2",80,"1","2","2",37497.94644,0.73
"1",70,"3",1,"1","1","3","1","2",2,0,0,2,"1",70,"1","3","1",67577.135154,1.14
"2",47,"6",0,"1","1","5","1","2",5,0,3,0,"1",41,"2","1","1",14331.774395,4.53
"2",45,"2",0,"2","2","5","2","2",2,0,0,0,"1",57,"2","3","1",42280.680232,4.84
"1",70,"3",1,"1","1","4","1","2",1,0,0,1,"1",70,"1","4","3",25966.636989,1.26
"1",58,"3",1,"1","1","4","1","2",1,0,0,0,"1",58,"1","4","2",22661.68558,1.31
"2",39,"6",0,"2","2","2","1","2",7,1,3,0,"2",39,"2","2","1",16968.540319,0.88
"1",62,"3",1,"1","1","3","1","2",1,0,0,1,"1",62,"1","3","2",23626.438743,1.12
"1",62,"3",0,"1","1","3","1","2",2,0,0,1,"1",62,"1","3","3",87531.292757,5
"1",59,"3",0,"1","1","3","1","2",1,0,0,0,"1",59,"1","3","5",102580.29517,3.64
"1",42,"7",0,"2","2","4","1","2",6,0,1,0,"2",42,"2","3","1",10667.004813,1.56
"1",30,"6",0,"2","2","3","1","2",4,0,2,0,"2",30,"2","3","1",15063.580156,1.55
"1",55,"3",0,"2","2","4","1","2",2,0,0,0,"2",48,"1","4","1",100747.146655,2.9
"2",52,"3",0,"1","1","5","1","2",3,0,0,0,"1",53,"1","5","1",144382.307201,5
"1",64,"3",1,"1","1","3","1","2",1,0,0,1,"1",64,"1","3","3",89854.825647,3.31
"1",80,"3",1,"1","1","5","1","2",1,0,0,1,"1",80,"1","5","2",19302.542605,4.93
"1",56,"1",0,"2","1","3","2","2",7,2,0,0,"2",25,"1","5","5",16347.065312,0.68
"2",22,"7",0,"1","1","4","1","2",4,0,0,0,"1",40,"1","3","1",22972.880828,3.4
"2",50,"3",0,"1","1","5","1","2",4,0,1,0,"2",50,"1","5","1",99103.834868,1.51
"1",80,"3",1,"1","1","4","1","2",2,0,0,2,"1",80,"1","4","1",28874.23919,5
"1",25,"2",0,"1","1","4","1","2",5,2,2,0,"1",25,"1","4","4",40362.045231,1.07
"1",33,"6",0,"2","1","5","1","2",2,0,0,0,"1",33,"2","5","1",29912.975792,5
"1",52,"3",1,"1","1","4","1","2",3,0,0,0,"2",50,"1","4","1",17386.370587,0.35
"2",72,"3",1,"1","1","4","1","2",5,1,0,2,"1",64,"1","4","1",41406.742246,0.97
"1",42,"1",0,"2","2","1","2","2",6,1,1,0,"1",42,"2","1","1",35100.900844,1.33
"1",80,"4",1,"1","1","3","1","2",2,0,0,2,"1",61,"1","4","6",19032.637083,5
"1",60,"3",0,"1","1","4","1","2",3,0,0,1,"1",60,"1","4","1",80442.325371,5
"2",40,"4",1,"1","1","4","1","2",2,0,1,0,"2",40,"1","4","3",32040.003069,4.58
"1",27,"7",0,"1","1","2","1","2",1,1,0,0,"1",27,"1","2","6",39612.798836,2.39
"2",62,"1",0,"1","1","2","1","2",2,0,0,1,"2",62,"1","2","1",15297.440213,2.9
"1",53,"3",1,"1","1","3","1","2",2,0,0,0,"2",53,"1","4","1",113750.835861,5
"1",65,"4",1,"1","1","3","1","2",1,0,0,1,"1",65,"1","3","1",10238.123311,1.6
"1",56,"4",1,"1","1","3","1","2",1,0,0,0,"1",56,"1","3","4",21054.4977,3.43
"2",41,"2",1,"1","1","5","1","2",2,0,1,0,"2",41,"1","5","3",29138.511353,2.78
"1",42,"4",1,"1","1","5","1","2",6,0,3,0,"1",39,"1","5","1",22314.41365,3.96
"1",47,"2",0,"1","1","2","1","2",1,0,0,0,"1",47,"1","2","5",36021.238135,0.61
"1",20,"3",1,"1","1","4","1","2",1,0,0,0,"1",20,"1","4","5",95090.83059,1.91
"2",48,"3",0,"1","1","2","1","2",5,0,2,0,"2",48,"1","2","5",22866.073366,0.91
"1",31,"3",0,"1","1","5","1","2",2,0,0,0,"1",31,"1","5","1",87963.733522,5
"1",67,"4",1,"1","1","4","1","2",1,0,0,1,"1",67,"1","4","5",15098.935725,2.14
"1",72,"3",1,"1","1","4","1","2",2,0,0,2,"1",72,"1","4","1",83918.343235,3.81
"1",25,"3",0,"1","1","3","1","2",3,1,0,0,"2",25,"1","4","1",22990.398618,2.56
"2",40,"6",0,"2","1","5","1","2",5,0,1,1,"2",40,"2","5","1",14041.392013,5
"2",74,"3",0,"1","1","4","1","2",1,0,0,1,"2",74,"1","4","1",73164.294421,1.89
"2",51,"4",1,"1","1","3","1","2",4,1,1,0,"2",42,"1","5","1",26836.884023,5
"1",45,"1",0,"2","2","3","2","2",1,0,0,0,"1",45,"2","3","1",37279.630785,1.71
"1",38,"4",0,"2","1","4","1","2",1,0,0,0,"1",38,"2","4","4",29709.029952,4.8
"1",75,"4",0,"1","1","2","1","2",1,0,0,1,"1",75,"1","2","2",12767.787483,0.7
"2",80,"3",0,"1","1","4","1","2",2,0,0,2,"1",74,"2","3","1",32511.51812,4.77
"1",70,"4",1,"1","1","4","1","2",1,0,0,1,"1",70,"1","4","3",9936.368879,3.83
"1",44,"3",1,"1","1","4","1","2",7,0,4,0,"1",44,"1","4","1",20038.213485,0.88
"1",37,"3",1,"1","1","3","1","2",3,1,1,0,"1",37,"1","3","3",24877.308693,0.59
"2",60,"3",0,"1","1","4","1","2",1,0,0,1,"2",60,"1","4","2",33532.358164,0.77
"1",65,"3",1,"1","1","5","1","2",2,0,0,2,"2",72,"1","4","1",107388.865186,5
"1",54,"3",1,"1","1","4","1","2",2,0,0,0,"1",54,"1","4","1",101663.764284,5
"2",77,"3",0,"1","1","3","1","2",3,0,0,2,"1",80,"1","5","2",44162.166329,2.78
"2",64,"6",0,"2","2","1","1","1",3,0,0,2,"1",61,"2","1","1",24447.338933,2.2
"1",58,"3",0,"1","1","5","1","2",4,0,1,0,"1",58,"1","5","1",89536.217554,5
"1",23,"3",0,"1","1","5","1","2",1,0,0,0,"1",24,"1","5","5",69766.055661,5
"2",50,"4",0,"1","1","4","1","2",2,0,2,0,"2",50,"1","4","1",19256.385669,1.91
"1",70,"3",1,"1","1","3","1","2",2,0,0,2,"1",70,"1","3","1",13810.070861,0.12
"1",49,"1",1,"1","1","4","1","2",1,0,0,0,"1",49,"1","4","3",36183.171056,4.97
"1",54,"3",0,"1","1","2","1","2",5,0,2,0,"1",54,"1","2","1",18821.117689,0.86
"1",80,"3",0,"1","1","2","1","2",1,0,0,1,"1",80,"1","2","2",34527.858326,5
"2",50,"3",0,"1","1","5","1","2",3,0,0,1,"2",50,"1","5","1",89889.363185,4.4
"2",34,"6",0,"2","2","4","1","2",7,1,3,0,"2",39,"2","2","1",16968.540319,0.88
"1",57,"4",0,"1","1","3","1","2",1,0,0,0,"1",57,"1","3","3",26458.913955,0.69
"1",55,"3",1,"1","1","3","1","2",5,1,0,0,"1",55,"1","3","1",108103.350291,1.79
"2",40,"2",0,"1","1","3","1","2",4,0,3,0,"2",40,"1","3","5",31179.275398,0.67
"1",39,"4",1,"1","1","5","1","2",6,0,3,0,"1",39,"1","5","1",20735.36065,3.96
"1",80,"3",1,"1","1","5","1","2",3,0,0,2,"1",44,"1","5","6",30551.127042,5
"2",25,"3",0,"2","2","5","1","2",3,1,0,0,"1",27,"2","5","1",64578.397369,1.23
"1",64,"1",1,"1","1","3","1","2",2,0,0,2,"1",64,"1","3","1",13662.586043,3.87
"1",77,"3",1,"1","1","2","1","2",2,0,0,2,"1",77,"1","2","1",66938.724573,5
"1",39,"3",0,"1","1","2","1","2",1,0,0,0,"1",39,"1","2","3",15058.98154,1.57
"1",80,"4",1,"1","1","4","1","2",3,0,0,2,"1",80,"1","4","1",13931.921944,3.03
"2",57,"6",0,"2","2","5","1","2",2,0,0,0,"1",57,"2","5","1",13617.881247,3.22
"1",53,"4",0,"1","1","4","1","2",3,0,0,2,"2",62,"1","5","1",27221.263898,4.61
"1",80,"4",1,"2","1","5","1","2",4,0,0,2,"2",55,"1","5","3",7553.387589,5
"1",65,"1",0,"2","1","3","2","2",7,1,2,2,"1",65,"2","3","1",9475.529823,0.36
"1",50,"3",1,"1","1","5","1","2",2,0,0,0,"2",45,"1","4","1",97058.62242,5
"1",64,"3",0,"1","1","5","1","2",2,0,0,2,"1",64,"1","5","1",117627.887752,5
"2",53,"4",0,"1","1","5","1","2",2,0,0,0,"2",53,"1","5","1",21317.05004,5
"1",45,"3",0,"1","1","4","1","2",4,0,2,0,"1",45,"1","4","1",128829.091308,3.4
"2",42,"2",0,"2","1","1","2","2",5,0,2,0,"1",49,"2","2","1",34672.221642,2.33
"1",64,"4",1,"1","1","3","1","2",3,0,0,2,"2",72,"1","5","1",12394.479841,1.77
"1",75,"4",0,"1","1","5","1","2",1,0,0,1,"1",75,"1","5","5",15989.733025,3.43
"1",55,"4",0,"1","1","5","1","2",1,0,0,0,"2",58,"1","5","6",24170.680639,3.48
"2",63,"6",0,"2","1","2","1","1",1,0,0,3,"2",64,"2","2","1",15875.841315,0.86
"1",75,"3",1,"1","1","3","1","2",1,0,0,1,"1",75,"1","3","3",18472.15649,1.29
"2",63,"2",0,"2","1","2","2","2",2,0,0,2,"2",63,"2","2","1",7446.375662,0.83
"1",22,"3",1,"1","1","4","1","2",1,0,0,0,"1",20,"1","4","5",95090.83059,1.91
"2",28,"4",0,"1","1","4","1","2",3,0,2,0,"2",28,"1","4","5",22313.996613,0.35
"2",44,"6",0,"2","1","3","1","2",4,0,0,0,"2",44,"2","3","1",12255.170105,2.52
"1",72,"3",1,"1","1","4","1","2",2,0,0,2,"1",72,"1","4","1",82019.900097,2.67
"1",40,"2",0,"2","2","3","1","2",3,1,0,0,"2",32,"1","5","1",25555.527937,4.61
"1",44,"3",0,"1","1","2","1","2",5,0,2,0,"1",44,"1","2","1",80384.837604,4.3
"2",44,"4",0,"1","1","4","1","2",2,0,1,0,"2",44,"1","4","5",25888.722896,1.53
"1",31,"4",1,"1","1","4","1","2",1,0,0,0,"1",24,"1","4","5",21155.958079,3
"2",75,"3",0,"1","1","2","1","2",2,0,0,2,"1",80,"1","4","1",28673.981659,0.95
"1",72,"4",0,"1","1","3","1","2",2,0,0,2,"1",68,"1","3","5",9993.736156,1.08
"2",71,"3",0,"1","1","3","1","2",1,0,0,1,"2",71,"1","3","2",59128.976139,1.57
"1",27,"4",0,"1","1","3","1","2",1,0,0,3,"1",80,"1","1","2",16368.698576,0.92
"1",28,"3",1,"1","1","3","1","2",1,1,1,0,"1",28,"1","3","6",69483.786978,1.22
"1",61,"4",1,"1","1","4","1","2",2,0,0,2,"1",61,"1","4","6",17825.337111,5
"2",70,"2",0,"2","2","1","2","1",1,0,0,1,"2",70,"2","1","4",8041.986857,0.89
"2",62,"3",0,"1","1","3","1","2",3,0,0,2,"2",31,"1","5","5",51383.455602,5
"1",47,"4",0,"1","1","3","1","2",3,0,0,2,"1",72,"1","3","1",20498.91548,5
"1",39,"3",0,"1","1","3","1","2",5,1,2,0,"1",39,"1","3","1",80515.805023,3.3
"1",80,"3",1,"1","1","3","1","2",2,0,0,2,"1",80,"1","3","1",17395.765026,1.46
"1",78,"4",1,"1","1","5","1","2",6,0,3,2,"1",78,"1","5","1",10016.103432,1.56
"1",68,"4",1,"1","1","3","1","2",2,0,0,2,"1",68,"1","3","1",8456.382628,5
"1",33,"3",1,"1","1","4","1","2",2,1,0,0,"1",33,"1","4","5",99525.641485,2.42
"1",31,"4",1,"1","1","4","1","2",1,0,0,0,"1",31,"1","4","3",16754.764371,5
"1",66,"3",1,"1","1","4","1","2",1,0,0,1,"1",66,"1","4","3",116643.261856,3
"2",43,"4",1,"1","1","5","1","2",2,0,1,0,"2",43,"1","5","2",30996.519399,2.58
"2",52,"3",0,"1","1","1","1","2",7,0,4,0,"1",55,"1","1","1",25919.104172,0.02
"2",47,"7",0,"2","1","5","1","2",2,0,1,0,"2",47,"2","5","3",97981.989947,5
"2",74,"3",0,"2","1","5","1","2",2,0,0,2,"1",74,"2","5","1",51836.76364,5
"2",20,"2",0,"1","1","4","1","2",6,0,3,0,"1",41,"2","4","6",28521.503185,1.58
"1",49,"6",0,"1","1","3","1","2",4,2,0,0,"2",44,"1","5","1",15601.184383,5
"2",69,"3",1,"1","1","5","1","2",4,1,0,2,"2",69,"1","5","1",99668.892422,5
"1",52,"3",1,"1","1","5","1","2",1,0,0,0,"1",52,"1","5","5",102367.737503,5
"2",48,"1",0,"1","1","2","1","2",5,0,2,0,"2",32,"1","2","1",28103.215275,2.36
"1",53,"3",1,"1","1","5","1","2",3,0,1,0,"1",53,"1","5","1",108960.528817,5
"2",45,"3",0,"1","1","5","1","2",5,0,3,0,"2",45,"1","5","1",61709.941211,5
"2",40,"3",0,"1","1","3","1","2",4,0,2,0,"2",40,"1","3","1",103352.849268,3.82
"1",80,"3",1,"1","1","3","1","2",2,0,0,2,"1",80,"1","3","1",33620.46642,2.23
"1",55,"4",0,"1","1","2","1","2",2,0,0,1,"1",55,"1","2","1",29574.736674,2.67
"1",80,"3",1,"1","1","2","1","2",1,0,0,1,"1",80,"1","2","2",44626.954238,2.74
"1",75,"3",1,"1","1","5","1","2",1,0,0,1,"1",75,"1","5","5",75541.091292,1.54
"2",45,"3",0,"1","1","5","1","2",3,0,1,0,"2",45,"1","5","1",78543.629353,5
"2",74,"3",0,"1","1","5","1","2",2,0,0,2,"1",76,"1","5","1",67210.005162,5
"1",44,"3",1,"1","1","5","1","2",2,0,0,0,"1",44,"1","5","1",103133.570841,3.55
"1",41,"6",0,"2","1","5","1","2",4,1,1,0,"2",38,"2","5","1",23799.351911,4.35
"1",20,"1",1,"1","1","3","1","2",3,1,0,0,"1",20,"1","3","1",52508.483992,0.82
"1",77,"3",1,"1","1","4","1","2",2,0,0,2,"2",77,"1","4","1",23308.314646,1.21
"2",72,"6",0,"2","1","5","1","1",3,0,0,2,"1",74,"2","5","1",18856.010869,5
"2",39,"6",0,"2","1","5","1","2",4,0,2,0,"1",43,"2","4","1",25024.090953,4.25
"1",27,"3",0,"1","1","5","1","2",1,0,0,0,"1",27,"1","5","1",32569.799651,1.39
"1",32,"3",1,"1","1","4","1","2",4,2,0,0,"1",32,"1","4","1",87991.58393,2.34
"1",80,"3",1,"1","1","2","1","2",1,0,0,2,"2",70,"2","2","2",43813.154179,1.65
"2",22,"4",0,"1","1","3","1","2",3,1,0,0,"2",22,"1","3","5",26197.604584,3.84
"1",60,"4",1,"1","1","3","1","2",2,0,0,2,"2",67,"1","3","3",11536.172672,2.26
"2",35,"3",0,"1","1","5","1","2",6,0,2,0,"1",37,"1","3","1",59568.701866,3.6
"1",51,"3",1,"1","1","5","1","2",1,0,0,0,"2",52,"1","2","3",22661.68558,0.7
"2",80,"1",0,"1","1","1","1","2",2,0,0,1,"2",80,"1","1","2",14078.480625,0.85
"1",70,"3",0,"1","1","3","1","2",2,0,0,2,"1",70,"1","3","1",74844.511064,2.54
"2",55,"3",0,"1","1","2","1","2",2,0,0,0,"2",55,"1","2","3",131563.902823,1.46
"1",54,"3",1,"1","1","5","1","2",5,0,3,0,"1",54,"1","5","1",84111.595671,3.37
"2",66,"3",0,"2","1","5","1","2",2,0,0,1,"2",66,"2","5","3",117764.431315,2.19
"2",48,"1",0,"2","2","1","2","2",4,0,1,0,"2",48,"2","1","3",26896.633726,0.47
"1",45,"6",0,"2","2","4","1","2",4,0,2,0,"2",47,"2","5","1",18222.52745,0.85
"1",80,"3",1,"1","1","5","1","2",2,0,1,1,"1",80,"1","5","2",28354.925843,1.93
"1",80,"3",1,"1","1","3","1","2",2,0,0,2,"1",80,"1","3","1",36534.190512,1.29
"1",31,"1",0,"2","2","3","1","2",4,0,2,0,"1",31,"2","3","5",47552.437304,2.42
"1",70,"3",1,"1","1","4","1","2",3,0,0,2,"1",70,"1","4","1",19909.12849,1.77
"1",59,"2",1,"1","1","5","1","2",1,0,0,0,"1",59,"1","5","3",18177.765382,5
"2",32,"4",0,"1","1","1","1","2",4,0,1,1,"2",76,"1","1","5",18375.96651,0.34
"1",29,"7",1,"1","1","5","1","2",4,2,0,0,"1",29,"1","5","1",109700.22969,1.99
"1",56,"3",1,"1","1","4","1","2",2,0,0,0,"1",56,"1","4","1",131105.295031,5
"1",80,"4",1,"1","1","4","1","2",1,0,0,1,"1",80,"1","4","4",9647.483452,3.86
"1",38,"2",0,"2","2","3","2","2",3,1,0,0,"1",38,"2","3","1",53699.062857,0.18
"1",80,"3",1,"1","1","3","1","2",1,0,0,1,"1",80,"1","3","2",13581.860855,2.5
"1",30,"3",1,"1","1","3","1","2",5,0,2,0,"1",35,"1","4","6",70468.300651,1.25
"1",33,"3",1,"1","1","3","1","2",4,0,2,0,"1",33,"1","3","1",84208.44009,2.52
"1",64,"3",1,"1","1","4","1","2",2,0,0,2,"2",63,"1","4","1",87281.736911,3.09
"1",80,"3",1,"1","1","3","1","2",2,0,0,2,"1",80,"1","3","1",24487.948789,2.53
"2",77,"4",0,"1","1","5","1","2",2,0,0,1,"1",54,"1","4","5",20128.507238,2.67
"1",65,"3",1,"1","1","5","1","2",4,1,0,2,"1",65,"1","5","1",112512.565264,4.67
"2",25,"4",0,"1","1","2","1","2",3,2,0,0,"2",25,"1","2","5",32227.910161,0.31
"1",28,"3",0,"1","1","4","1","2",1,0,0,0,"1",28,"1","4","6",60112.615045,1.54
"1",80,"3",1,"1","1","5","1","2",2,0,0,2,"1",80,"1","5","1",23686.840149,5
"2",67,"3",0,"1","1","4","1","2",3,0,0,2,"2",67,"1","4","1",68553.215821,2.82
"2",28,"2",0,"2","1","3","2","2",1,0,0,0,"1",27,"2","3","6",31370.917793,0.86
"2",25,"1",0,"2","2","2","2","2",6,2,0,0,"2",24,"2","3","6",28779.662024,1.04
"2",65,"3",0,"1","1","3","1","2",1,0,0,1,"2",65,"1","3","2",99668.892422,3.48
"2",41,"6",0,"2","1","5","1","2",5,2,1,0,"2",41,"2","5","1",21275.127362,3.05
"2",72,"4",0,"2","2","4","1","2",2,0,0,2,"1",73,"2","4","1",14501.268411,1.53
"2",47,"4",0,"2","1","4","1","2",1,0,0,0,"2",47,"2","4","3",21697.009715,1.03
"1",29,"2",1,"2","1","5","1","2",2,0,0,0,"1",29,"2","5","1",41687.353394,5
"1",46,"3",1,"1","1","4","1","2",2,0,0,0,"1",46,"1","4","1",23802.302678,0.84
"2",56,"6",0,"2","1","3","1","2",3,0,1,0,"1",59,"2","4","1",20000.111643,1
"1",71,"4",1,"1","1","3","1","2",1,0,0,1,"1",71,"1","3","5",12970.950454,1.03
"1",64,"4",1,"1","1","5","1","2",1,0,0,1,"1",64,"1","5","3",15677.370725,0.84
"1",59,"4",1,"1","1","4","1","2",1,0,0,0,"1",59,"1","4","1",32954.247349,5
"1",76,"3",1,"1","1","5","1","2",2,0,0,1,"1",76,"1","5","1",50188.751146,1.16
"1",80,"4",1,"1","1","3","1","2",2,0,0,2,"2",73,"1","5","1",10521.219928,2.67
"1",63,"3",1,"1","1","4","1","2",2,0,0,1,"1",63,"1","4","5",30260.947389,1.24
"2",40,"6",0,"2","1","5","1","2",4,1,1,0,"1",45,"1","4","1",24622.97954,2.52
"2",37,"4",0,"1","1","4","1","2",4,1,0,0,"1",40,"1","4","6",37094.150887,0.84
"1",34,"3",0,"1","1","5","1","2",3,1,0,0,"1",34,"1","5","1",88153.771709,5
"2",79,"4",0,"1","1","1","1","2",2,0,0,1,"1",53,"1","3","3",22196.292175,1.59
"1",80,"4",1,"1","1","4","1","2",2,0,0,2,"2",75,"1","4","1",13233.950931,4.45
"1",20,"3",0,"1","1","4","1","2",5,1,0,0,"1",48,"1","2","6",31174.074739,1.2
"1",56,"1",0,"2","1","1","2","2",5,1,2,0,"1",56,"2","1","1",17972.979821,1.25
"1",39,"3",0,"2","2","5","1","2",4,2,0,0,"2",41,"2","5","1",59098.199668,5
"1",58,"6",0,"2","1","2","1","2",7,1,1,0,"1",32,"1","3","4",21240.096789,3.33
"1",45,"3",1,"1","1","4","1","2",4,0,2,0,"2",36,"1","3","1",17174.330725,1.91
"1",37,"4",0,"1","1","3","1","2",1,0,0,0,"1",37,"1","3","4",24490.033227,3
"2",47,"1",0,"1","1","5","1","2",5,0,1,0,"2",47,"1","5","1",34124.566725,3.63
"1",75,"3",1,"1","1","4","1","2",1,0,0,1,"1",75,"1","4","2",66938.724573,3.92
"1",44,"2",0,"2","2","5","1","2",4,0,2,0,"2",42,"2","4","1",30792.361317,4.88
"1",43,"6",0,"2","2","5","1","2",4,0,2,0,"1",43,"2","5","1",17439.861606,5
"1",32,"4",0,"1","1","3","1","2",3,1,0,0,"1",32,"1","3","6",24907.329931,2.53
"2",71,"6",0,"2","1","5","1","2",1,0,0,1,"2",71,"2","5","2",20087.482733,1.31
"2",63,"3",0,"1","1","4","1","2",2,0,0,1,"1",52,"1","3","1",20970.186555,1.06
"1",80,"3",1,"1","1","5","1","2",2,0,0,2,"2",80,"1","5","1",26755.354866,3.34
"1",42,"3",0,"1","1","5","1","2",6,1,3,0,"2",37,"1","4","1",64542.744692,3.17
"1",58,"4",0,"1","1","2","1","2",1,0,0,0,"1",58,"1","2","4",19683.281908,1.84
"2",77,"4",0,"2","1","1","1","2",1,0,0,1,"2",77,"2","1","2",14501.268411,0.77
"2",73,"3",0,"2","1","1","1","1",1,0,0,1,"2",73,"2","1","2",26762.445636,0.87
"1",71,"1",1,"1","1","4","1","2",2,0,0,2,"1",71,"1","4","1",12910.61342,4.84
"1",69,"3",1,"1","1","5","1","2",4,1,0,2,"2",69,"1","5","1",120515.626784,5
"2",26,"3",0,"1","1","3","1","2",6,1,2,0,"2",26,"1","3","1",44258.728749,0.35
"1",52,"1",0,"2","2","1","2","2",7,0,4,0,"2",53,"2","1","5",24008.369977,0.42
"1",80,"3",1,"1","1","5","1","2",2,0,0,2,"2",80,"1","5","1",29986.702598,4.19
"1",60,"3",0,"1","1","5","1","2",1,0,0,1,"1",60,"1","5","5",86258.778851,5
"1",74,"3",1,"1","1","2","1","2",2,0,0,2,"1",74,"1","2","1",64933.599817,5
"1",32,"3",1,"1","1","4","1","2",4,2,0,0,"2",33,"1","5","1",89075.379323,3.56
"1",69,"6",1,"1","1","4","1","2",2,0,0,2,"2",65,"1","4","1",14746.098191,3.22
"2",25,"2",0,"1","1","4","1","2",6,1,0,1,"1",27,"1","4","6",34203.190317,3.09
"1",60,"3",1,"1","1","4","1","2",2,0,0,2,"1",60,"1","4","1",109077.654153,5
"1",80,"3",1,"1","1","5","1","2",2,0,0,2,"1",80,"1","5","1",24771.131091,4.13
"1",63,"4",1,"1","1","2","1","2",7,2,0,2,"2",70,"1","2","2",9298.617277,1.36
"1",65,"4",1,"1","1","5","1","2",1,0,0,1,"1",65,"1","5","3",17116.921607,1.29
"2",40,"2",0,"2","1","4","1","2",2,0,1,0,"2",40,"2","4","4",25430.708507,1.78
"1",51,"4",1,"1","1","4","1","2",1,0,0,0,"1",51,"1","4","6",23134.121482,3
"1",79,"3",1,"1","1","4","1","2",1,0,0,2,"1",79,"1","4","6",48193.224809,5
"1",67,"3",1,"1","1","4","1","2",2,0,0,2,"1",67,"1","4","1",87132.99368,3.87
"1",80,"3",1,"1","1","4","1","2",1,0,0,1,"1",80,"1","4","2",54657.851659,1.91
"2",51,"3",1,"1","1","5","1","2",2,0,0,0,"2",51,"1","5","3",94875.356842,3.87
"1",52,"3",1,"1","1","4","1","2",3,0,0,1,"2",80,"2","1","2",18429.057976,1.33
"1",45,"4",1,"1","1","5","1","2",6,0,4,0,"1",45,"1","5","1",22317.481576,4.07
"1",80,"3",1,"1","1","5","1","2",1,0,0,1,"1",80,"1","5","2",30889.060982,3
"1",66,"2",1,"2","1","4","1","2",2,0,0,1,"2",57,"2","5","1",12070.716173,3.81
"2",80,"4",0,"1","1","5","1","2",3,0,1,2,"1",62,"1","3","5",20165.272633,2.94
"2",76,"3",0,"1","1","2","1","2",2,0,0,2,"1",76,"1","4","1",74449.516168,4.84
"1",80,"3",1,"2","1","2","1","2",1,0,0,1,"1",80,"2","2","2",22688.051304,1.89
"1",32,"4",1,"1","1","4","1","2",2,0,0,0,"2",29,"1","5","1",19974.560029,5
"1",22,"1",1,"2","1","3","1","2",6,0,3,0,"2",49,"2","4","1",43961.357135,1.27
"1",50,"1",0,"1","1","3","1","2",5,0,1,0,"1",50,"1","3","1",32512.69383,0.74
"1",49,"3",1,"1","1","3","1","2",2,0,0,0,"1",38,"1","2","4",35584.711524,1.19
"1",67,"3",1,"1","1","5","1","2",2,0,0,2,"1",67,"1","5","1",106091.973547,5
"1",65,"4",1,"1","1","3","1","2",1,0,0,3,"2",76,"1","3","6",9993.431802,1.85
"1",78,"3",1,"1","1","3","1","2",2,0,0,2,"2",76,"1","3","1",70084.59231,1.92
"1",72,"3",1,"1","1","5","1","2",2,0,0,2,"1",72,"1","5","1",57271.428651,5
"1",67,"4",1,"1","1","3","1","2",4,0,0,2,"1",67,"1","3","1",11818.414076,3.35
"1",73,"3",1,"1","1","3","1","2",2,0,0,2,"2",63,"1","1","1",73281.215672,1.38
"1",80,"3",1,"1","1","5","1","2",1,0,0,1,"1",80,"1","5","2",36117.581178,2.18
"1",47,"2",0,"1","1","4","1","2",4,0,1,0,"1",47,"1","4","1",36123.437189,4.67
"2",28,"6",0,"2","1","5","1","2",3,1,0,0,"1",28,"2","5","1",29840.021727,5
"1",50,"3",0,"1","1","5","1","2",4,0,1,0,"2",42,"1","4","1",73247.232253,5
"1",23,"6",0,"2","1","4","1","2",5,0,1,0,"1",50,"2","2","1",18455.162152,1.81
"2",61,"2",0,"1","1","4","1","2",2,0,0,2,"2",61,"1","4","1",24204.333724,3.87
"1",52,"4",1,"1","1","4","1","2",2,0,0,0,"1",52,"1","4","5",24460.262555,3.8
"1",77,"3",1,"1","1","5","1","2",3,0,0,2,"2",69,"1","5","1",49828.68437,5
"2",38,"3",0,"1","1","4","1","2",7,1,3,1,"2",65,"1","1","2",52644.889015,0.65
"2",30,"4",0,"1","1","4","1","2",1,0,0,0,"2",30,"1","4","5",25641.155477,0.39
"2",63,"3",0,"1","1","4","1","2",2,0,0,2,"2",63,"1","4","1",72183.784616,3.09
"1",21,"3",0,"1","1","4","1","2",4,0,1,0,"2",48,"1","3","3",79090.127394,5
"1",65,"3",1,"1","1","2","1","2",1,0,0,1,"1",65,"1","2","3",146837.516125,0.93
"1",80,"3",1,"1","1","4","1","2",1,0,0,2,"1",80,"1","4","6",37442.300964,2.61
"1",80,"3",1,"1","1","4","1","2",4,0,0,3,"2",76,"1","4","1",11173.365403,1.02
"2",41,"3",0,"1","1","5","1","2",7,0,4,0,"1",44,"1","4","1",20205.312253,0.88
"1",68,"4",1,"1","1","3","1","2",3,0,1,2,"2",72,"1","3","1",10631.757338,2.3
"1",80,"3",0,"2","1","3","1","2",1,0,0,1,"1",80,"2","3","2",31612.099496,5
"1",64,"3",1,"1","1","3","1","2",2,0,0,1,"1",64,"1","3","3",18603.251124,1.29
"1",76,"2",1,"2","1","4","1","2",3,0,0,2,"1",76,"2","4","1",9071.78302,1.54
"2",29,"6",0,"1","1","4","1","2",3,0,0,0,"2",57,"2","4","3",23123.861298,5
"1",40,"6",0,"2","2","5","1","1",3,0,1,0,"1",40,"2","5","1",15971.436848,4.35
"1",54,"4",0,"1","1","4","1","2",4,0,1,0,"1",54,"1","4","1",34499.864665,2.73
"1",21,"3",0,"1","1","2","1","2",1,0,0,0,"1",21,"1","2","5",22166.491882,0.86
"1",69,"3",1,"1","1","4","1","2",1,0,0,1,"1",69,"1","4","3",27993.628502,1.29
"1",61,"4",1,"1","1","3","1","2",2,0,0,1,"1",61,"1","3","1",10631.757338,3.95
"2",56,"4",1,"1","1","5","1","2",7,0,4,0,"2",56,"1","5","1",24019.668668,3.24
"1",25,"3",1,"1","1","3","1","2",7,2,3,0,"2",53,"1","2","4",22145.908326,0.93
"1",68,"3",1,"1","1","4","1","2",7,1,2,1,"1",68,"1","4","1",74605.300088,3.89
"1",80,"3",1,"1","1","5","1","2",2,0,0,2,"2",80,"1","5","1",28354.925843,1.16
"1",72,"3",1,"1","1","3","1","2",1,0,0,1,"1",72,"1","3","3",16572.904941,1.2
"1",80,"3",1,"1","1","5","1","2",1,0,0,1,"1",80,"1","5","3",22873.533486,2.79
"1",27,"1",0,"1","1","5","1","2",2,0,0,0,"1",27,"1","5","5",51877.119096,5
"1",79,"3",1,"1","1","5","1","2",2,0,0,2,"1",79,"1","5","1",55434.790046,2.9
"1",31,"3",0,"1","1","2","1","2",3,0,0,0,"2",53,"1","2","5",28701.919637,1.18
"1",77,"3",1,"1","1","5","1","2",2,0,0,2,"2",71,"1","4","1",73458.620483,2.58
"2",51,"7",1,"1","1","4","1","2",2,0,0,0,"2",51,"1","4","2",15511.614249,1.04
"2",41,"4",0,"1","1","2","1","2",6,0,3,0,"1",38,"1","2","1",29088.582634,0.78
"1",55,"3",0,"1","1","2","1","2",2,0,0,0,"1",55,"1","2","1",35337.37471,1.29
"1",80,"3",1,"1","1","3","1","2",2,0,0,2,"1",80,"1","3","1",38596.961709,1.38
"2",23,"3",0,"1","1","3","1","2",5,1,0,1,"2",52,"1","1","6",36668.682115,0.29
"1",39,"3",1,"1","1","4","1","2",4,0,2,0,"2",36,"1","3","1",23241.03735,1.23
"1",70,"4",0,"2","2","1","1","2",4,0,1,1,"1",70,"2","1","3",14449.771325,1.06
"1",65,"4",1,"1","1","2","1","2",5,0,0,3,"2",60,"1","2","3",7505.601301,1.15
"2",70,"2",0,"1","1","3","1","2",3,0,0,2,"2",70,"1","3","1",23816.902651,2.05
"1",48,"3",1,"1","1","4","1","2",2,0,0,0,"1",48,"1","4","1",33302.047915,0.95
"2",49,"3",0,"1","1","4","1","2",2,0,0,0,"1",52,"1","1","1",100974.214172,1.16
"1",62,"1",0,"2","2","1","2","2",2,0,0,2,"1",62,"2","1","1",8642.936431,1.65
"2",25,"6",0,"1","1","5","1","2",2,0,0,0,"1",29,"1","5","1",26288.167896,3.05
"1",80,"3",1,"1","1","5","1","2",2,0,0,2,"1",80,"1","5","1",30451.384349,5
"1",44,"7",0,"1","1","4","1","2",1,0,0,0,"1",44,"1","4","3",22483.409064,2.91
"1",50,"4",0,"1","1","4","1","2",6,0,4,0,"1",50,"1","4","1",23342.427407,1.88
"1",36,"3",0,"1","1","5","1","2",5,3,0,0,"1",36,"1","5","1",84998.393872,5
"2",48,"3",0,"1","1","5","1","2",3,0,1,0,"1",47,"1","5","1",79883.979906,5
"1",66,"3",1,"1","1","3","1","2",2,0,0,1,"1",66,"1","3","1",31194.146663,1.59
"1",29,"3",0,"1","1","3","1","2",1,0,0,0,"1",29,"1","3","5",123189.360298,2.14
"2",80,"3",0,"1","1","4","1","2",1,0,0,1,"2",80,"1","4","2",32329.37798,3.86
"1",47,"3",0,"1","1","3","1","2",1,0,0,0,"1",47,"1","3","3",21547.22476,1.31
"1",80,"3",1,"1","1","5","1","2",1,0,0,2,"1",80,"1","5","2",37013.041655,4.35
"1",40,"7",0,"2","2","3","1","2",3,0,1,0,"1",40,"2","3","1",20684.807364,1.52
"1",63,"3",0,"1","1","4","1","2",2,0,0,2,"1",63,"1","4","1",101032.034038,5
"1",41,"6",1,"2","1","5","1","2",5,0,3,0,"1",41,"2","5","1",16575.424742,5
"2",25,"3",0,"1","1","4","1","2",2,0,0,0,"2",25,"1","4","1",72205.619595,3.5
"1",72,"3",1,"1","1","3","1","2",4,0,0,1,"1",72,"1","3","3",20613.412026,0.72
"1",63,"1",1,"1","1","2","1","2",4,0,0,1,"1",63,"1","2","1",16151.926567,1.27
"2",25,"1",0,"1","1","5","1","2",7,2,0,0,"2",25,"1","5","5",23089.077067,0.68
"2",39,"3",0,"1","1","4","1","2",2,0,0,0,"1",40,"1","5","1",88747.541698,5
"2",49,"7",1,"1","1","5","1","2",3,2,4,0,"2",49,"1","5","3",19784.767364,4.1
"2",36,"2",0,"2","2","5","1","2",2,1,0,0,"2",36,"2","5","3",45094.542403,2.86
"1",71,"3",1,"1","1","2","1","2",3,0,0,1,"1",71,"1","2","1",16248.394194,0.92
"1",80,"4",1,"1","1","2","1","2",1,0,0,1,"1",80,"1","2","2",8911.78846,1.13
"1",80,"3",1,"1","1","2","1","2",2,0,0,1,"1",49,"1","2","3",11377.148096,0.87
"1",71,"4",1,"1","1","1","1","2",2,0,0,1,"1",71,"1","1","1",14180.768061,0.84
"1",29,"2",0,"1","1","4","1","2",1,0,0,0,"1",29,"1","4","5",50580.191118,2.44
"1",78,"1",0,"1","1","1","1","2",1,0,0,1,"1",78,"1","1","6",11140.687817,0.65
"2",64,"1",0,"1","1","1","2","2",1,0,0,2,"1",68,"2","1","6",18727.456286,0.49
"1",80,"3",1,"1","1","3","1","2",2,0,0,2,"1",80,"1","3","1",33888.033134,2.09
"2",29,"4",0,"1","1","3","1","2",3,0,1,0,"2",29,"1","5","5",28116.619731,3.28
"2",66,"2",0,"2","2","2","2","2",4,0,0,2,"2",66,"2","2","1",17406.322197,0.2
"2",25,"1",0,"2","2","1","2","1",5,3,2,0,"2",32,"2","3","6",23089.077067,0.29
"1",73,"6",0,"2","1","3","1","1",3,0,0,2,"1",73,"2","3","1",14476.340752,3.84
"1",71,"3",1,"1","1","4","1","2",2,0,0,2,"2",69,"1","4","1",57214.803319,1.93
"1",41,"3",0,"1","1","2","1","2",6,0,4,0,"1",41,"1","2","6",21099.884351,0.63
"1",74,"4",1,"1","1","3","1","2",2,0,0,2,"1",74,"1","3","1",9918.956424,4.51
"1",58,"6",0,"2","1","4","1","2",7,3,0,0,"1",58,"2","4","1",12953.296697,1.4
"1",49,"3",0,"1","1","3","1","2",2,0,0,0,"2",47,"1","3","1",102341.831273,3.22
"1",77,"3",1,"1","1","4","1","2",4,0,0,2,"1",30,"1","5","1",66468.077393,5
"1",64,"3",1,"1","1","4","1","2",2,0,0,2,"2",63,"1","3","1",76045.210584,3.94
"1",80,"3",1,"1","1","3","1","2",2,0,0,2,"1",80,"1","3","1",15890.161116,1.13
"1",52,"3",1,"1","1","3","1","2",1,0,0,1,"2",46,"1","3","3",25245.294007,0.96
"1",80,"3",1,"1","1","5","1","2",2,0,0,2,"1",80,"1","5","1",39256.2563,2.9
"1",41,"3",1,"1","1","3","1","2",5,1,0,2,"1",64,"1","4","1",120056.767725,0.97
"1",53,"2",1,"1","1","3","1","2",1,0,0,0,"1",53,"1","3","5",21644.12708,3.11
"2",23,"1",0,"1","1","4","1","2",3,1,0,0,"2",23,"1","4","1",44678.023607,4.14
"1",66,"4",1,"1","1","3","1","2",2,0,0,2,"1",66,"1","3","1",8456.382628,5
"1",64,"6",1,"2","1","5","1","2",3,0,0,2,"1",64,"2","5","1",12103.069921,5
"1",59,"3",0,"1","1","3","1","2",1,0,0,0,"1",59,"1","3","3",114436.342172,5
"1",64,"6",0,"2","1","5","1","2",2,0,0,2,"2",64,"2","5","1",15586.920507,5
"1",80,"3",1,"1","1","3","1","2",1,0,0,1,"1",80,"1","3","5",22726.373953,4.35
"1",80,"3",1,"1","1","3","1","2",6,1,0,1,"1",80,"1","3","1",7230.082726,2.15
"2",41,"6",0,"2","2","5","1","2",5,0,3,0,"2",41,"2","5","1",22260.988864,5
"1",78,"3",1,"1","1","5","1","2",1,0,0,1,"1",78,"1","5","2",14404.1694,1.21
"1",80,"6",1,"2","1","3","1","1",6,1,2,2,"2",41,"2","1","3",8070.393258,1.14
"1",66,"3",1,"1","1","4","1","2",2,0,0,1,"1",66,"1","4","1",35362.182783,0.97
"1",80,"3",1,"1","1","3","1","2",2,0,0,2,"1",80,"1","3","1",22729.702215,3.81
"2",41,"3",0,"2","1","5","1","2",4,2,0,0,"2",41,"2","5","1",62742.058789,5
"1",80,"3",1,"1","1","2","1","2",1,0,0,1,"1",80,"1","2","2",41907.243982,1.71
"2",45,"3",0,"1","1","3","1","2",3,0,2,0,"2",45,"1","3","3",27774.337533,1.28
"2",21,"3",0,"1","1","5","1","2",1,0,0,0,"1",27,"1","5","1",45880.396886,0.52
"1",67,"3",1,"1","1","3","1","2",2,0,0,2,"2",67,"1","3","1",96081.098846,2.26
"2",65,"4",0,"1","1","5","1","2",2,0,0,2,"1",74,"1","3","1",14361.229012,1.93
"2",34,"3",0,"1","1","4","1","2",6,1,3,0,"1",28,"1","4","1",64157.728337,2.22
"2",41,"6",0,"2","1","3","1","1",3,0,0,2,"1",73,"2","3","1",17258.46935,3.84
"1",72,"3",1,"1","1","3","1","2",2,0,0,2,"1",72,"1","3","1",55495.612786,3.03
"2",37,"1",0,"2","2","2","2","2",4,2,0,0,"1",32,"2","2","1",38724.749332,1.27
"1",50,"1",0,"1","1","4","1","2",4,0,2,0,"1",50,"1","4","1",25643.026959,3.4
"2",71,"2",1,"2","1","4","1","2",1,0,0,1,"2",71,"2","4","3",24158.001003,1.67
"1",24,"2",0,"2","2","3","2","2",1,0,1,0,"2",32,"2","3","3",32400.341318,2.79
"2",50,"4",1,"1","1","4","1","2",1,0,0,0,"2",50,"1","4","2",24134.415956,3.48
"1",48,"3",0,"1","1","3","1","2",1,0,0,1,"2",49,"1","4","3",100857.701196,4.5
"2",34,"3",0,"1","1","4","1","2",2,0,0,0,"1",41,"1","2","1",114952.436612,5
"1",43,"6",0,"2","1","4","1","2",3,0,0,1,"1",76,"2","1","1",20298.359278,5
"1",80,"3",1,"2","1","5","1","2",1,0,0,1,"1",80,"2","5","5",67500.65594,1.74
"1",69,"3",1,"1","1","2","1","2",1,0,0,1,"1",69,"1","2","5",69960.270343,2.83
"1",64,"3",1,"1","1","4","1","2",5,1,0,2,"1",64,"1","4","1",77115.405603,0.97
"1",31,"3",1,"1","1","4","1","2",1,0,0,0,"1",31,"1","4","3",68324.90003,3.92
"1",80,"3",1,"1","1","3","1","2",1,0,0,1,"1",80,"1","3","2",13581.860855,1.09
"1",54,"4",1,"1","1","4","1","2",1,0,0,0,"1",54,"1","4","3",36130.800143,4.28
"2",79,"3",0,"1","1","3","1","2",2,0,0,2,"2",79,"1","3","1",58195.593747,1.93
"2",34,"3",0,"1","1","2","1","2",6,0,3,0,"1",41,"1","2","1",23779.954014,0.59
"1",38,"3",0,"1","1","5","1","2",4,0,2,0,"2",35,"1","5","1",45778.305482,5
"1",65,"3",1,"1","1","4","1","2",4,1,0,1,"1",65,"1","4","3",19870.190882,1.22
"2",25,"1",0,"1","1","2","2","2",5,2,0,0,"2",49,"2","2","1",36550.650062,0.74
"1",73,"3",1,"1","1","5","1","2",2,0,0,2,"1",73,"1","5","1",74432.157767,5
"2",51,"2",0,"2","1","4","1","2",2,0,0,0,"2",51,"2","4","3",12980.055728,2.42
"1",51,"7",1,"1","1","5","1","2",1,0,0,0,"1",51,"1","5","3",25458.454321,0.87
"1",80,"3",1,"1","1","4","1","2",1,0,0,1,"1",80,"1","4","2",42071.929453,3.43
"1",66,"7",1,"1","1","4","1","2",4,2,0,1,"1",66,"1","4","6",9431.473883,1.06
"2",80,"3",0,"1","1","3","1","2",1,0,0,1,"2",80,"1","3","2",56314.228133,3.86
"1",80,"3",1,"1","1","5","1","2",2,0,0,2,"1",80,"1","5","1",26870.699123,5
"2",38,"3",1,"1","1","4","1","2",2,0,0,0,"1",39,"1","3","1",98443.782836,2.54
"1",29,"3",1,"1","1","4","1","2",2,0,0,0,"1",29,"1","4","1",35804.597846,1.16
"1",38,"7",1,"2","1","4","1","2",4,1,1,0,"1",38,"2","4","6",22107.281895,1.09
"2",48,"1",0,"2","2","3","2","2",2,0,0,0,"2",48,"2","3","3",20294.919152,2.54
"2",80,"3",1,"1","1","4","1","2",3,0,0,2,"1",44,"1","5","6",42548.951921,5
"1",63,"3",1,"1","1","2","1","2",2,0,0,1,"1",63,"1","2","1",108382.755385,2.71
"1",25,"3",0,"1","1","4","1","2",1,0,0,0,"1",26,"1","4","5",69766.055661,1.89
"1",28,"3",1,"1","1","4","1","2",3,0,0,1,"1",71,"1","2","1",45052.854805,0.92
"1",31,"1",1,"1","1","4","1","2",2,0,0,0,"2",30,"1","4","1",63856.639681,5
"1",61,"3",1,"1","1","5","1","2",2,0,0,1,"1",61,"1","5","3",88531.364913,5
"1",59,"7",1,"1","1","3","1","2",1,0,0,0,"1",59,"1","3","3",20045.764159,1.31
"1",80,"3",1,"1","1","3","1","2",2,0,0,2,"2",80,"1","3","1",24613.809078,1.21
"2",80,"3",0,"1","1","4","1","2",2,0,0,2,"1",80,"1","3","1",39446.992933,3.09
"1",33,"4",0,"1","1","4","1","2",7,2,0,2,"2",70,"1","2","2",23424.106902,1.36
"1",57,"4",1,"1","1","5","1","2",7,0,4,0,"2",56,"1","5","1",22962.317252,3.24
"1",68,"2",0,"2","1","2","2","2",2,0,0,2,"1",68,"2","2","6",7037.582072,0.58
"2",44,"3",0,"1","1","5","1","2",2,0,0,0,"2",44,"1","5","1",90931.112841,5
"1",79,"4",1,"1","1","2","1","2",2,0,0,2,"1",79,"1","2","1",6870.97804,2.29
"2",25,"3",0,"1","1","4","1","2",3,2,0,0,"2",25,"1","4","5",49125.624802,0.18
"1",33,"3",1,"1","1","4","1","2",4,1,0,0,"1",33,"1","4","1",88161.950783,1.78
"1",30,"4",0,"1","1","3","1","2",3,0,0,0,"1",55,"1","4","4",29733.569733,2.56
"2",70,"6",0,"2","1","5","1","1",2,0,0,2,"1",68,"2","5","1",20905.315139,1.61
"1",54,"4",1,"1","1","3","1","2",3,0,0,1,"2",77,"1","2","2",27119.679434,0.97
"1",33,"3",1,"1","1","3","1","2",2,0,0,1,"1",33,"1","3","5",56159.890864,4.51
"1",58,"1",1,"2","1","3","1","2",6,0,2,0,"1",58,"2","3","1",25877.858263,1.58
"1",71,"4",1,"1","1","3","1","2",1,0,0,1,"1",71,"1","3","2",12241.181354,1.29
"1",68,"1",0,"2","1","3","1","2",1,0,0,1,"1",68,"2","3","3",5904.102946,1.29
"1",71,"7",1,"1","1","4","1","2",2,0,0,2,"1",71,"1","4","1",46988.470276,3.87
"1",61,"4",1,"1","1","5","1","2",5,0,1,1,"1",61,"1","5","1",14975.454019,3.58
"1",28,"3",0,"1","1","3","1","2",1,0,0,0,"1",28,"1","3","3",81284.280828,0.35
"2",41,"4",1,"1","1","5","1","2",3,0,0,0,"2",41,"1","5","3",36482.560021,1.16
"1",20,"3",0,"1","1","3","1","2",5,1,1,0,"2",43,"1","4","4",19573.396704,1.2
"2",56,"3",0,"1","1","4","1","2",1,0,0,0,"2",56,"1","4","3",16759.786893,0.77
"1",77,"4",1,"1","1","3","1","2",2,0,0,2,"2",71,"1","5","1",9587.724357,3.87
"1",58,"3",0,"1","1","4","1","2",4,0,0,0,"1",58,"1","4","1",87459.565791,5
"1",72,"3",1,"1","1","5","1","2",2,0,0,2,"1",72,"1","5","1",59624.562972,5
"1",62,"4",1,"1","1","3","1","2",3,0,1,2,"1",62,"1","3","5",10870.717372,2.94
"1",80,"3",1,"1","1","5","1","2",2,0,0,2,"1",80,"1","5","1",35984.901609,5
"2",29,"6",0,"2","1","5","1","2",1,0,0,0,"2",29,"2","5","5",19530.358703,5
"1",80,"3",1,"1","1","4","1","2",3,0,0,2,"1",80,"1","4","1",27937.28961,1.67
"1",47,"3",1,"1","1","4","1","2",1,1,0,0,"1",47,"1","4","1",20186.070435,0.7
"1",80,"3",1,"1","1","5","1","2",1,0,0,2,"1",80,"1","5","1",22208.518877,5
"1",80,"3",1,"1","1","4","1","2",2,0,0,2,"2",80,"1","5","1",20785.065302,2.39
"2",42,"3",0,"1","1","5","1","2",3,1,0,0,"1",45,"1","5","1",89563.970157,5
"1",80,"3",1,"1","1","5","1","2",1,0,0,1,"1",80,"1","5","2",19302.542605,5
"1",24,"3",0,"1","1","2","1","2",5,0,1,0,"2",46,"1","1","1",84539.996864,3.63
"1",34,"6",0,"2","1","4","1","2",4,1,1,0,"2",29,"1","4","1",14919.218779,1.27
"2",80,"1",0,"2","2","1","2","2",7,3,0,1,"2",36,"2","3","1",12010.325301,0.7
"1",40,"1",0,"2","2","1","2","2",2,0,0,0,"1",43,"2","1","3",45268.572702,3.81
